-- MySQL dump 10.13  Distrib 5.6.28, for debian-linux-gnu (x86_64)
--
-- Host: colibri    Database: peces2018
-- ------------------------------------------------------
-- Server version	5.6.28-1

/*!40101 SET @OLD_CHARACTER_SET_CLIENT=@@CHARACTER_SET_CLIENT */;
/*!40101 SET @OLD_CHARACTER_SET_RESULTS=@@CHARACTER_SET_RESULTS */;
/*!40101 SET @OLD_COLLATION_CONNECTION=@@COLLATION_CONNECTION */;
/*!40101 SET NAMES utf8 */;
/*!40103 SET @OLD_TIME_ZONE=@@TIME_ZONE */;
/*!40103 SET TIME_ZONE='+00:00' */;
/*!40014 SET @OLD_UNIQUE_CHECKS=@@UNIQUE_CHECKS, UNIQUE_CHECKS=0 */;
/*!40014 SET @OLD_FOREIGN_KEY_CHECKS=@@FOREIGN_KEY_CHECKS, FOREIGN_KEY_CHECKS=0 */;
/*!40101 SET @OLD_SQL_MODE=@@SQL_MODE, SQL_MODE='NO_AUTO_VALUE_ON_ZERO' */;
/*!40111 SET @OLD_SQL_NOTES=@@SQL_NOTES, SQL_NOTES=0 */;

--
-- Table structure for table `criterios`
--

DROP TABLE IF EXISTS `criterios`;
/*!40101 SET @saved_cs_client     = @@character_set_client */;
/*!40101 SET character_set_client = utf8 */;
CREATE TABLE `criterios` (
  `id` int(11) NOT NULL AUTO_INCREMENT,
  `valor` tinyint(2) NOT NULL DEFAULT '0',
  `propiedad_id` int(11) NOT NULL COMMENT 'Corresponde al año de la Carta Nacional',
  `anio` smallint(4) NOT NULL DEFAULT '2012',
  PRIMARY KEY (`id`),
  KEY `fk_criterios_propiedades1_idx` (`propiedad_id`),
  CONSTRAINT `fk_criterios_propiedades1` FOREIGN KEY (`propiedad_id`) REFERENCES `propiedades` (`id`) ON DELETE NO ACTION ON UPDATE NO ACTION
) ENGINE=InnoDB AUTO_INCREMENT=125 DEFAULT CHARSET=utf8 COMMENT='Contiene los criterios principales para el semaforo: nom 059, iucn lista roja , selectiva, nacional o internacional, CNP (por estado), veda (por tipo de veda), pesqeria en sustentabilidad';
/*!40101 SET character_set_client = @saved_cs_client */;

--
-- Dumping data for table `criterios`
--

LOCK TABLES `criterios` WRITE;
/*!40000 ALTER TABLE `criterios` DISABLE KEYS */;
INSERT INTO `criterios` VALUES (1,0,170,2012),(2,10,171,2012),(3,0,172,2012),(4,0,192,2012),(5,20,193,2012),(6,0,194,2012),(7,20,159,2012),(8,20,160,2012),(9,20,161,2012),(10,20,162,2012),(11,20,163,2012),(12,20,164,2012),(13,20,165,2012),(14,20,166,2012),(15,20,167,2012),(16,20,168,2012),(17,20,169,2012),(18,3,170,2012),(19,3,171,2012),(20,3,172,2012),(21,20,173,2012),(22,20,174,2012),(23,20,175,2012),(24,-1,176,2012),(25,-1,177,2012),(26,-1,178,2012),(27,-1,179,2012),(28,-1,180,2012),(29,-1,181,2012),(30,-1,182,2012),(31,-1,183,2012),(32,-1,184,2012),(33,-1,185,2012),(34,-1,186,2012),(35,-1,187,2012),(36,-1,188,2012),(37,-1,189,2012),(38,-1,190,2012),(39,-1,191,2012),(40,0,226,2012),(41,20,227,2012),(42,5,228,2012),(43,5,229,2012),(44,0,230,2012),(45,0,231,2012),(46,0,232,2012),(47,20,233,2012),(48,5,234,2012),(49,5,235,2012),(50,0,236,2012),(51,0,237,2012),(52,0,238,2012),(53,20,239,2012),(54,5,240,2012),(55,5,241,2012),(56,0,242,2012),(57,0,243,2012),(58,0,244,2012),(59,20,245,2012),(60,5,246,2012),(61,5,247,2012),(62,0,248,2012),(63,0,249,2012),(64,0,250,2012),(65,20,251,2012),(66,5,252,2012),(67,5,253,2012),(68,0,254,2012),(69,0,255,2012),(70,0,256,2012),(71,20,257,2012),(72,0,258,2012),(73,5,259,2012),(74,0,260,2012),(75,0,261,2012),(76,20,262,2012),(77,0,263,2012),(78,5,264,2012),(79,0,265,2012),(80,0,266,2012),(81,20,267,2012),(82,0,268,2012),(83,5,269,2012),(84,0,270,2012),(85,0,271,2012),(86,20,272,2012),(87,0,273,2012),(88,5,274,2012),(89,0,275,2012),(90,0,276,2012),(91,20,277,2012),(92,0,278,2012),(93,5,279,2012),(94,0,280,2012),(95,0,281,2012),(96,20,282,2012),(97,0,283,2012),(98,5,284,2012),(99,0,285,2012),(100,0,286,2012),(101,20,287,2012),(102,0,288,2012),(103,5,289,2012),(104,0,290,2012),(105,0,291,2012),(106,20,292,2012),(107,0,293,2012),(108,5,294,2012),(109,0,295,2012),(110,0,296,2012),(111,20,297,2012),(112,0,298,2012),(113,5,299,2012),(114,0,300,2012),(115,0,301,2012),(116,20,302,2012),(117,0,303,2012),(118,5,304,2012),(119,0,305,2012),(120,0,306,2012),(121,20,307,2012),(122,0,308,2012),(123,5,309,2012),(124,0,310,2012);
/*!40000 ALTER TABLE `criterios` ENABLE KEYS */;
UNLOCK TABLES;

--
-- Table structure for table `peces`
--

DROP TABLE IF EXISTS `peces`;
/*!40101 SET @saved_cs_client     = @@character_set_client */;
/*!40101 SET character_set_client = utf8 */;
CREATE TABLE `peces` (
  `especie_id` int(11) NOT NULL,
  `valor_total` tinyint(2) NOT NULL DEFAULT '99',
  `valor_zonas` char(6) NOT NULL DEFAULT 'ssssss',
  `tipo_imagen` tinyint(1) NOT NULL DEFAULT '9',
  `imagen` varchar(500) DEFAULT NULL,
  `nombre_cientifico` varchar(255) DEFAULT NULL COMMENT 'Quitar en centralizacion',
  `nombres_comunes` text COMMENT 'Quitar en centralizacion',
  PRIMARY KEY (`especie_id`)
) ENGINE=InnoDB DEFAULT CHARSET=utf8;
/*!40101 SET character_set_client = @saved_cs_client */;

--
-- Dumping data for table `peces`
--

LOCK TABLES `peces` WRITE;
/*!40000 ALTER TABLE `peces` DISABLE KEYS */;
INSERT INTO `peces` VALUES (1000792,20,'rssnnn',9,NULL,'Eucidaris thouarsii',NULL),(1000810,20,'rssnnn',9,NULL,'Centrostephanus coronatus',NULL),(1000816,20,'rssnnn',9,NULL,'Arbacia incisa',NULL),(1000835,3,'snnnnn',9,NULL,'Strongylocentrotus franciscanus',NULL),(1000836,3,'snnnnn',9,NULL,'Strongylocentrotus purpuratus',NULL),(1000910,0,'nnnsss',9,NULL,'Oreaster reticulatus',NULL),(1001005,20,'nnnsss',9,NULL,'Holothuria (Halodeima) floridana',NULL),(1001007,20,'nnnsss',9,NULL,'Holothuria (Halodeima) mexicana',NULL),(1001014,20,'nnnsss',9,NULL,'Isostichopus badionotus',NULL),(1001016,20,'nnnsss',9,NULL,'Astichopus multifidus',NULL),(1001109,20,'rssnnn',9,NULL,'Nidorellia armata',NULL),(1001110,20,'rssnnn',9,NULL,'Pentaceraster cumingi',NULL),(1001117,20,'rssnnn',9,NULL,'Pharia pyramidatus',NULL),(1001118,20,'rssnnn',9,NULL,'Phataria unifascialis',NULL),(1001290,20,'rssnnn',9,NULL,'Holothuria (Halodeima) kefersteini',NULL),(1001295,20,'rssnnn',9,NULL,'Isostichopus fuscus',NULL),(1001349,0,'snnnnn',9,NULL,'Parastichopus parvimensis',NULL),(1001378,20,'rssnnn',9,NULL,'Asteropsis carinifera',NULL),(1001669,0,'snnnnn',9,NULL,'Pisaster giganteus',NULL),(1001671,0,'snnnnn',9,NULL,'Pisaster brevispinus',NULL),(1001673,0,'snnnnn',9,NULL,'Pisaster ochraceus',NULL),(2002140,13,'vvvnnn',9,NULL,'Litopenaeus occidentalis',NULL),(2002141,16,'nnnsss',9,NULL,'Litopenaeus setiferus',NULL),(2002142,13,'vvvnnn',9,NULL,'Litopenaeus stylirostris',NULL),(2002143,13,'vvvnnn',9,NULL,'Litopenaeus vannamei',NULL),(2002144,16,'nnnvvv',9,NULL,'Farfantepenaeus aztecus',NULL),(2002145,36,'nnnnsr',9,NULL,'Farfantepenaeus brasiliensis',NULL),(2002146,16,'vvvnnn',9,NULL,'Farfantepenaeus brevirostris',NULL),(2002147,13,'vvvnnn',9,NULL,'Farfantepenaeus californiensis',NULL),(2002148,50,'nnnsrs',9,NULL,'Farfantepenaeus duorarum',NULL),(2002151,10,'nnnsss',9,NULL,'Rimapenaeus similis',NULL),(2002152,33,'rssnnn',9,NULL,'Rimapenaeus pacificus',NULL),(2002155,13,'nnnssv',9,NULL,'Xiphopenaeus kroyeri',NULL),(2002162,36,'nnnssr',9,NULL,'Sicyonia brevirostris',NULL),(2002163,10,'svsnnn',9,NULL,'Sicyonia disdorsalis',NULL),(2002166,10,'svsnnn',9,NULL,'Sicyonia penicillata',NULL),(2002167,10,'svsnnn',9,NULL,'Sicyonia picta',NULL),(2002189,20,'rsssss',9,NULL,'Macrobrachium acanthurus',NULL),(2002192,23,'rssnnn',9,NULL,'Macrobrachium americanum',NULL),(2002193,20,'nnnvrn',9,NULL,'Macrobrachium carcinus',NULL),(2002197,20,'nnnvrn',9,NULL,'Macrobrachium heterochirus',NULL),(2002201,20,'rsssss',9,NULL,'Macrobrachium rosenbergii',NULL),(2002202,23,'rssnnn',9,NULL,'Macrobrachium tenellum',NULL),(2002342,0,'nnnnnn',9,NULL,'Cambarellus (Cambarellus) montezumae',NULL),(2002364,20,'rsssss',9,NULL,'Procambarus (Austrocambarus) acanthophorus',NULL),(2002415,11,'nnnvvv',9,NULL,'Panulirus argus',NULL),(2002416,13,'nnnsss',9,NULL,'Panulirus guttatus',NULL),(2002420,33,'rssnnn',9,NULL,'Panulirus inflatus',NULL),(2002421,33,'rssnnn',9,NULL,'Panulirus gracilis',NULL),(2002643,30,'rssvvv',9,NULL,'Callinectes sapidus',NULL),(2002644,13,'svvnnn',9,NULL,'Callinectes bellicosus',NULL),(2002645,30,'rsssss',9,NULL,'Callinectes marginatus',NULL),(2002646,10,'nnnvvv',9,NULL,'Callinectes similis',NULL),(2002647,10,'nnnvvv',9,NULL,'Callinectes ornatus',NULL),(2002648,10,'nnnvvv',9,NULL,'Callinectes danae',NULL),(2002649,13,'svvnnn',9,NULL,'Callinectes arcuatus',NULL),(2002650,10,'nnnsss',9,NULL,'Callinectes exasperatus',NULL),(2002651,13,'svvnnn',9,NULL,'Callinectes toxotes',NULL),(2002652,10,'nnnvvv',9,NULL,'Callinectes bocourti',NULL),(2002653,10,'nnnvvv',9,NULL,'Callinectes rathbunae',NULL),(2002665,0,'nnnsss',9,NULL,'Menippe mercenaria',NULL),(2002737,3,'nnnvvv',9,NULL,'Cardisoma guanhumi',NULL),(2002738,0,'nnnsss',9,NULL,'Gecarcinus lateralis',NULL),(2002785,0,'nnnvvv',9,NULL,'Ucides cordatus',NULL),(2002868,33,'rsssss',9,NULL,'Xiphopenaeus riveti',NULL),(2003046,20,'rssnnn',9,NULL,'Panulirus penicillatus',NULL),(2003047,31,'rssnnn',9,NULL,'Panulirus interruptus',NULL),(2003163,33,'rssnnn',9,NULL,'Rimapenaeus faoe',NULL),(2003231,10,'nnnsss',9,NULL,'Scyllarides nodifer',NULL),(2008619,13,'nnnsss',9,NULL,'Panulirus laevicauda',NULL),(2008625,0,'nnnnnn',9,NULL,'Carcinus maenas',NULL),(4002442,20,'rsssss',9,NULL,'Stomolophus meleagris',NULL),(4009848,20,'nnnvvr',9,NULL,'Strombus pugilis',NULL),(4009948,20,'nnnvvr',9,NULL,'Melongena (Rexmela) corona',NULL),(4009949,20,'nnnvvr',9,NULL,'Melongena (Rexmela) melongena',NULL),(4010134,20,'nnnvvr',9,NULL,'Fasciolaria tulipa',NULL),(4010229,0,'vvnnnn',9,NULL,'Anadara (Anadara) tuberculosa',NULL),(4010238,20,'rsssss',9,NULL,'Mytilus edulis',NULL),(4010247,59,'rrrnnn',9,NULL,'Atrina (Servatrina) maura',NULL),(4010252,3,'nnnvvn',9,NULL,'Crassostrea virginica',NULL),(4010253,3,'nnnvvn',9,NULL,'Crassostrea rhizophorae',NULL),(4010258,0,'nnnsss',9,NULL,'Argopecten irradians',NULL),(4010259,40,'rssnnn',9,NULL,'Spondylus limbatus',NULL),(4010274,20,'nnnrvv',9,NULL,'Rangia cuneata',NULL),(4010275,20,'nnnrvv',9,NULL,'Rangia (Rangianella) flexuosa',NULL),(4010288,40,'nnnrvv',9,NULL,'Polymesoda caroliniana',NULL),(4010289,0,'nnnsss',9,NULL,'Chione (Chione) cancellata',NULL),(4010291,20,'nnnrvv',9,NULL,'Mercenaria campechiensis',NULL),(4010300,2,'svsnnn',9,NULL,'Megapitaria aurantiaca',NULL),(4010301,1,'svsnnn',9,NULL,'Megapitaria squalida',NULL),(4010349,23,'srnnnn',9,NULL,'Haliotis cracherodii',NULL),(4011343,0,'nnnsss',9,NULL,'Doryteuthis pealeii',NULL),(4011416,3,'nnnnvv',9,NULL,'Octopus maya',NULL),(4011904,0,'nnnsss',9,NULL,'Anadara notabilis',NULL),(4011912,0,'nnnsss',9,NULL,'Atrina rigida',NULL),(4012183,0,'nnnsss',9,NULL,'Pinna carnea',NULL),(4012227,20,'nnnrvv',9,NULL,'Codakia orbicularis',NULL),(4012593,26,'nnnvvr',9,NULL,'Triplofusus giganteus',NULL),(4013170,8,'avnnnn',9,NULL,'Haliotis corrugata',NULL),(4013171,8,'avnnnn',9,NULL,'Haliotis fulgens',NULL),(4013172,23,'srnnnn',9,NULL,'Haliotis rufescens',NULL),(4013173,23,'srnnnn',9,NULL,'Haliotis sorenseni',NULL),(4013226,0,'nnnsss',9,NULL,'Anadara brasiliana',NULL),(4013229,20,'rssnnn',9,NULL,'Anadara multicostata',NULL),(4013234,0,'svsnnn',9,NULL,'Mytilus californianus',NULL),(4013240,23,'rssnnn',9,NULL,'Crassostrea corteziensis',NULL),(4013306,0,'vvvnnn',9,NULL,'Chione californiensis',NULL),(4013308,20,'rssnnn',9,NULL,'Chione cortezi',NULL),(4013320,0,'vvvnnn',9,NULL,'Chione undatella',NULL),(4013365,19,'rssnnn',9,NULL,'Octopus bimaculatus',NULL),(4013375,3,'nnnvvv',9,NULL,'Octopus vulgaris',NULL),(4013473,20,'rssnnn',9,NULL,'Modiolus capax',NULL),(4013507,20,'rssnnn',9,NULL,'Pteria sterna',NULL),(4013551,40,'rssnnn',9,NULL,'Tivela (Pachydesma) stultorum',NULL),(4013576,0,'svsnnn',9,NULL,'Megastraea undosa',NULL),(4013675,-2,'vvvnnn',9,NULL,'Dosidicus gigas',NULL),(4013700,20,'rssnnn',9,NULL,'Panopea generosa',NULL),(4013701,20,'rssnnn',9,NULL,'Panopea globosa',NULL),(4013799,20,'rssnnn',9,NULL,'Doryteuthis opalescens',NULL),(4014371,0,'svsnnn',9,NULL,'Mytilus galloprovincialis',NULL),(8005828,30,'rsssss',9,NULL,'Acanthocybium solandri',NULL),(8005831,10,'nnnsss',9,NULL,'Acanthostracion quadricornis',NULL),(8005833,10,'nnnsss',9,NULL,'Acanthurus bahianus',NULL),(8005834,10,'nnnsss',9,NULL,'Acanthurus chirurgus',NULL),(8005835,10,'nnnsss',9,NULL,'Acanthurus coeruleus',NULL),(8005838,30,'rssnnn',9,NULL,'Acanthurus xanthopterus',NULL),(8005845,100,'nnnrrr',9,NULL,'Acipenser oxyrinchus',NULL),(8005851,33,'ssvvvv',9,NULL,'Aetobatus narinari',NULL),(8005858,50,'rssnnn',9,NULL,'Albula nemoptera',NULL),(8005859,50,'rsssss',9,NULL,'Albula vulpes',NULL),(8005860,30,'rssnnn',9,NULL,'Alectis ciliaris',NULL),(8005885,23,'ssvnnn',9,NULL,'Alopias pelagicus',NULL),(8005886,23,'ssvnnn',9,NULL,'Alopias superciliosus',NULL),(8005887,23,'ssvsss',9,NULL,'Alopias vulpinus',NULL),(8005889,30,'rssnnn',9,NULL,'Alphestes immaculatus',NULL),(8005894,30,'rsssss',9,NULL,'Aluterus scriptus',NULL),(8005922,10,'nnnsss',9,NULL,'Anchoa hepsetus',NULL),(8005923,30,'rssnnn',9,NULL,'Anchoa ischana',NULL),(8005924,10,'nnnsss',9,NULL,'Anchoa lamprotaenia',NULL),(8005927,10,'nnnsss',9,NULL,'Anchoa mitchilli',NULL),(8005937,10,'sssnnn',9,NULL,'Ancylopsetta dendritica',NULL),(8005944,30,'rssnnn',9,NULL,'Anisotremus interruptus',NULL),(8005946,10,'nnnsss',9,NULL,'Anisotremus surinamensis',NULL),(8005950,0,'snnnnn',9,NULL,'Anoplopoma fimbria',NULL),(8005989,10,'nnnsss',9,NULL,'Apsilus dentatus',NULL),(8005995,10,'nnnsss',9,NULL,'Archosargus probatocephalus',NULL),(8005996,10,'nnnsss',9,NULL,'Archosargus rhomboidalis',NULL),(8006021,30,'rssnnn',9,NULL,'Arothron hispidus',NULL),(8006022,30,'rssnnn',9,NULL,'Arothron meleagris',NULL),(8006057,30,'rsnnnn',9,NULL,'Atractoscion nobilis',NULL),(8006064,30,'rsssss',9,NULL,'Auxis thazard',NULL),(8006074,10,'nnnsvs',9,NULL,'Bagre marinus',NULL),(8006075,30,'rssnnn',9,NULL,'Bagre panamensis',NULL),(8006076,30,'rssnnn',9,NULL,'Bagre pinnimaculatus',NULL),(8006077,10,'vvvnnn',9,NULL,'Bairdiella armata',NULL),(8006079,10,'nnnsss',9,NULL,'Bairdiella chrysoura',NULL),(8006081,10,'vvvnnn',9,NULL,'Bairdiella icistia',NULL),(8006082,10,'nnnsss',9,NULL,'Bairdiella ronchus',NULL),(8006086,30,'rssnnn',9,NULL,'Balistes polylepis',NULL),(8006134,30,'rssnnn',9,NULL,'Bodianus diplotaenia',NULL),(8006135,10,'nnnsss',9,NULL,'Bodianus pulchellus',NULL),(8006136,10,'nnnsss',9,NULL,'Bodianus rufus',NULL),(8006153,30,'rssnnn',9,NULL,'Bothus mancus',NULL),(8006154,10,'nnnsss',9,NULL,'Bothus ocellatus',NULL),(8006155,10,'nnnsss',9,NULL,'Bothus robinsi',NULL),(8006170,10,'nnnvvv',9,NULL,'Brevoortia gunteri',NULL),(8006171,10,'nnnvvv',9,NULL,'Brevoortia patronus',NULL),(8006173,10,'nnnsss',9,NULL,'Brotula barbata',NULL),(8006174,30,'rssnnn',9,NULL,'Brotula clarkae',NULL),(8006183,10,'nnnsss',9,NULL,'Calamus bajonado',NULL),(8006184,30,'rssnnn',9,NULL,'Calamus brachysomus',NULL),(8006185,10,'nnnsss',9,NULL,'Calamus calamus',NULL),(8006186,10,'nnnsss',9,NULL,'Calamus campechanus',NULL),(8006188,10,'nnnsss',9,NULL,'Calamus nodosus',NULL),(8006190,10,'nnnsss',9,NULL,'Calamus pennatula',NULL),(8006191,10,'nnnsss',9,NULL,'Calamus proridens',NULL),(8006206,30,'nnnrss',9,NULL,'Canthigaster rostrata',NULL),(8006207,10,'nnnsss',9,NULL,'Caranx bartholomaei',NULL),(8006208,30,'rssnnn',9,NULL,'Caranx caballus',NULL),(8006209,10,'vvvnnn',9,NULL,'Caranx caninus',NULL),(8006210,10,'nnnvvv',9,NULL,'Caranx crysos',NULL),(8006211,30,'rsssss',9,NULL,'Caranx hippos',NULL),(8006212,10,'nnnvvv',9,NULL,'Caranx latus',NULL),(8006213,30,'rsssss',9,NULL,'Caranx lugubris',NULL),(8006217,50,'rsssss',9,NULL,'Caranx ruber',NULL),(8006218,10,'svvnnn',9,NULL,'Caranx sexfasciatus',NULL),(8006221,33,'nnnvvv',9,NULL,'Carcharhinus acronotus',NULL),(8006225,33,'nnnvvv',9,NULL,'Carcharhinus brevipinna',NULL),(8006226,23,'vvvvvv',9,NULL,'Carcharhinus falciformis',NULL),(8006228,13,'nnnvvv',9,NULL,'Carcharhinus isodon',NULL),(8006229,33,'vvvvvv',9,NULL,'Carcharhinus leucas',NULL),(8006230,33,'vvvvvv',9,NULL,'Carcharhinus limbatus',NULL),(8006231,23,'vvvsss',9,NULL,'Carcharhinus longimanus',NULL),(8006232,33,'vvvvss',9,NULL,'Carcharhinus obscurus',NULL),(8006234,33,'vvvvvv',9,NULL,'Carcharhinus plumbeus',NULL),(8006235,13,'vvvvvv',9,NULL,'Carcharhinus porosus',NULL),(8006236,33,'nnnvvv',9,NULL,'Carcharhinus signatus',NULL),(8006247,30,'nnnsss',9,NULL,'Cathorops melanopus',NULL),(8006257,30,'rssnnn',9,NULL,'Caulolatilus affinis',NULL),(8006258,10,'nnnsss',9,NULL,'Caulolatilus chrysops',NULL),(8006261,10,'nnnsss',9,NULL,'Caulolatilus intermedius',NULL),(8006262,10,'nnnsss',9,NULL,'Caulolatilus microps',NULL),(8006263,9,'sssnnn',9,NULL,'Caulolatilus princeps',NULL),(8006269,50,'srrnnn',9,NULL,'Centropomus armatus',NULL),(8006271,0,'svvnnn',9,NULL,'Centropomus medius',NULL),(8006273,0,'svvnnn',9,NULL,'Centropomus nigrescens',NULL),(8006274,13,'nnnvvv',9,NULL,'Centropomus parallelus',NULL),(8006275,30,'rsssss',9,NULL,'Centropomus pectinatus',NULL),(8006276,13,'nnnvvv',9,NULL,'Centropomus poeyi',NULL),(8006277,0,'svvnnn',9,NULL,'Centropomus robalito',NULL),(8006278,13,'nnnvvv',9,NULL,'Centropomus undecimalis',NULL),(8006280,69,'rrrnnn',9,NULL,'Centropomus viridis',NULL),(8006288,13,'nnnsss',9,NULL,'Cephalopholis cruentata',NULL),(8006289,63,'nnnrrr',9,NULL,'Cephalopholis fulva',NULL),(8006290,30,'rssnnn',9,NULL,'Cephalopholis panamensis',NULL),(8006297,10,'nnnsss',9,NULL,'Cetengraulis edentulus',NULL),(8006298,15,'avsnnn',9,NULL,'Cetengraulis mysticetus',NULL),(8006305,30,'rssnnn',9,NULL,'Chaetodipterus zonatus',NULL),(8006313,50,'rssnnn',9,NULL,'Chanos chanos',NULL),(8006355,30,'rssnnn',9,NULL,'Chloroscombrus orqueta',NULL),(8006388,10,'sssnnn',9,NULL,'Citharichthys xanthostigma',NULL),(8006395,50,'rsssss',9,NULL,'Clupea pallasii',NULL),(8006402,30,'rsssss',9,NULL,'Conodon nobilis',NULL),(8006411,40,'rsssss',9,NULL,'Coryphaena hippurus',NULL),(8006454,30,'rssnnn',9,NULL,'Cynoscion albus',NULL),(8006455,10,'nnnvvv',9,NULL,'Cynoscion arenarius',NULL),(8006457,30,'rssnnn',9,NULL,'Cynoscion nannus',NULL),(8006458,10,'nnnvvv',9,NULL,'Cynoscion nebulosus',NULL),(8006459,10,'nnnvvv',9,NULL,'Cynoscion nothus',NULL),(8006460,22,'vvnnnn',9,NULL,'Cynoscion othonopterus',NULL),(8006461,30,'rssnnn',9,NULL,'Cynoscion parvipinnis',NULL),(8006463,30,'rssnnn',9,NULL,'Cynoscion reticulatus',NULL),(8006466,30,'rssnnn',9,NULL,'Cynoscion xanthulus',NULL),(8006523,13,'nnnvvv',9,NULL,'Dasyatis americana',NULL),(8006524,13,'vvvnnn',9,NULL,'Dasyatis brevis',NULL),(8006525,13,'nnnvvv',9,NULL,'Dasyatis guttata',NULL),(8006526,13,'vvvnnn',9,NULL,'Dasyatis longa',NULL),(8006527,13,'nnnvvv',9,NULL,'Dasyatis sabina',NULL),(8006529,30,'rsssss',9,NULL,'Decapterus macarellus',NULL),(8006531,30,'rssnnn',9,NULL,'Decapterus muroadsi',NULL),(8006537,20,'rssnnn',9,NULL,'Dermatolepis dermatolepis',NULL),(8006541,10,'nnnsss',9,NULL,'Diapterus auratus',NULL),(8006543,30,'rssnnn',9,NULL,'Diapterus peruvianus',NULL),(8006564,10,'nnnsss',9,NULL,'Diplectrum formosum',NULL),(8006568,30,'rssnnn',9,NULL,'Diplectrum pacificum',NULL),(8006598,23,'vvvnnn',9,NULL,'Echinorhinus cookei',NULL),(8006618,10,'vvvsss',9,NULL,'Elagatis bipinnulata',NULL),(8006624,30,'rssnnn',9,NULL,'Elops affinis',NULL),(8006625,10,'nnnsss',9,NULL,'Elops saurus',NULL),(8006642,15,'avsnnn',9,NULL,'Engraulis mordax',NULL),(8006659,63,'nnnrrr',9,NULL,'Epinephelus adscensionis',NULL),(8006660,20,'rssnnn',9,NULL,'Epinephelus analogus',NULL),(8006662,83,'nnnrrr',9,NULL,'Epinephelus drummondhayi',NULL),(8006665,73,'nnnrrr',9,NULL,'Epinephelus guttatus',NULL),(8006666,83,'vvsrrr',9,NULL,'Epinephelus itajara',NULL),(8006667,30,'rssnnn',9,NULL,'Epinephelus labriformis',NULL),(8006668,82,'nnnrrr',9,NULL,'Epinephelus morio',NULL),(8006672,83,'nnnrrr',9,NULL,'Epinephelus striatus',NULL),(8006688,30,'nnnvrv',9,NULL,'Etelis oculatus',NULL),(8006704,30,'rsssss',9,NULL,'Eucinostomus argenteus',NULL),(8006705,30,'rssnnn',9,NULL,'Eucinostomus currani',NULL),(8006706,30,'rssnnn',9,NULL,'Eucinostomus dowii',NULL),(8006707,30,'rssnnn',9,NULL,'Eucinostomus entomelas',NULL),(8006708,30,'rssnnn',9,NULL,'Eucinostomus gracilis',NULL),(8006709,10,'nnnsss',9,NULL,'Eucinostomus gula',NULL),(8006713,10,'nnnsss',9,NULL,'Eucinostomus lefroyi',NULL),(8006715,30,'rssnnn',9,NULL,'Eugerres axillaris',NULL),(8006717,30,'rssnnn',9,NULL,'Eugerres brevimanus',NULL),(8006718,30,'rssnnn',9,NULL,'Eugerres lineatus',NULL),(8006720,10,'nnnsss',9,NULL,'Eugerres plumieri',NULL),(8006727,10,'nnnsss',9,NULL,'Euthynnus alletteratus',NULL),(8006728,0,'vvvnnn',9,NULL,'Euthynnus lineatus',NULL),(8006746,30,'rssnnn',9,NULL,'Fistularia commersonii',NULL),(8006764,23,'vvvvvv',9,NULL,'Galeocerdo cuvier',NULL),(8006790,30,'rsssss',9,NULL,'Gerres cinereus',NULL),(8006812,3,'vvvvvv',9,NULL,'Ginglymostoma cirratum',NULL),(8006892,33,'nnnvvv',9,NULL,'Gymnura altavela',NULL),(8006893,13,'vvvnnn',9,NULL,'Gymnura crebripunctata',NULL),(8006894,13,'vvvnnn',9,NULL,'Gymnura marmorata',NULL),(8006895,13,'nnnvvv',9,NULL,'Gymnura micrura',NULL),(8006897,10,'nnnsss',9,NULL,'Haemulon aurolineatum',NULL),(8006898,10,'nnnsss',9,NULL,'Haemulon bonariense',NULL),(8006900,0,'nnnsss',9,NULL,'Haemulon chrysargyreum',NULL),(8006901,30,'rssnnn',9,NULL,'Haemulon flaviguttatum',NULL),(8006902,0,'nnnsss',9,NULL,'Haemulon flavolineatum',NULL),(8006903,10,'nnnsss',9,NULL,'Haemulon macrostomum',NULL),(8006904,30,'rssnnn',9,NULL,'Haemulon maculicauda',NULL),(8006907,10,'nnnsss',9,NULL,'Haemulon plumierii',NULL),(8006908,10,'nnnsss',9,NULL,'Haemulon sciurus',NULL),(8006910,30,'rssnnn',9,NULL,'Haemulon sexfasciatum',NULL),(8006915,30,'rssnnn',9,NULL,'Haemulopsis leuciscus',NULL),(8006938,10,'nnnvvv',9,NULL,'Harengula clupeola',NULL),(8006940,10,'nnnvvv',9,NULL,'Harengula jaguana',NULL),(8006951,30,'rssnnn',9,NULL,'Hemicaranx zelotes',NULL),(8006984,13,'vvvnnn',9,NULL,'Himantura pacifica',NULL),(8006985,13,'nnnvvv',9,NULL,'Himantura schmardae',NULL),(8006991,30,'rssnnn',9,NULL,'Hippoglossina stomata',NULL),(8006993,70,'rsssss',9,NULL,'Hippoglossus stenolepis',NULL),(8007006,10,'vvvnnn',9,NULL,'Hoplopagrus guentherii',NULL),(8007088,80,'rrrnnn',9,NULL,'Istiophorus platypterus',NULL),(8007089,23,'svvsss',9,NULL,'Isurus oxyrinchus',NULL),(8007100,41,'rsssss',9,NULL,'Katsuwonus pelamis',NULL),(8007106,30,'rssnnn',9,NULL,'Kyphosus elegans',NULL),(8007107,10,'nnnsss',9,NULL,'Kyphosus incisor',NULL),(8007108,10,'nnnsss',9,NULL,'Kyphosus sectatrix',NULL),(8007122,20,'nnnsss',9,NULL,'Lachnolaimus maximus',NULL),(8007128,10,'nnnsss',9,NULL,'Lagocephalus laevigatus',NULL),(8007130,10,'nnnsss',9,NULL,'Lagodon rhomboides',NULL),(8007139,30,'rssnnn',9,NULL,'Larimus argenteus',NULL),(8007141,10,'nnnsss',9,NULL,'Larimus fasciatus',NULL),(8007144,10,'nnnsss',9,NULL,'Leiostomus xanthurus',NULL),(8007195,10,'nnnsss',9,NULL,'Lobotes surinamensis',NULL),(8007203,30,'nnnsss',9,NULL,'Lopholatilus chamaeleonticeps',NULL),(8007211,50,'nnnvrv',9,NULL,'Lutjanus analis',NULL),(8007212,30,'nnnvrv',9,NULL,'Lutjanus apodus',NULL),(8007213,30,'rssnnn',9,NULL,'Lutjanus aratus',NULL),(8007214,10,'vvvnnn',9,NULL,'Lutjanus argentiventris',NULL),(8007215,30,'nnnvrv',9,NULL,'Lutjanus buccanella',NULL),(8007216,50,'nnnvrv',9,NULL,'Lutjanus campechanus',NULL),(8007217,10,'vvvnnn',9,NULL,'Lutjanus colorado',NULL),(8007218,50,'nnnvrv',9,NULL,'Lutjanus cyanopterus',NULL),(8007219,30,'nnnvrv',9,NULL,'Lutjanus griseus',NULL),(8007220,10,'vvvnnn',9,NULL,'Lutjanus guttatus',NULL),(8007221,30,'rssnnn',9,NULL,'Lutjanus inermis',NULL),(8007222,30,'nnnvrv',9,NULL,'Lutjanus jocu',NULL),(8007223,10,'vvvnnn',9,NULL,'Lutjanus jordani',NULL),(8007225,10,'vvvnnn',9,NULL,'Lutjanus novemfasciatus',NULL),(8007226,9,'vvvnnn',9,NULL,'Lutjanus peru',NULL),(8007227,30,'nnnvrv',9,NULL,'Lutjanus purpureus',NULL),(8007228,30,'nnnvrv',9,NULL,'Lutjanus synagris',NULL),(8007229,10,'vvvnnn',9,NULL,'Lutjanus viridis',NULL),(8007230,30,'nnnvrv',9,NULL,'Lutjanus vivanus',NULL),(8007252,40,'vvvnnn',9,NULL,'Makaira mazara',NULL),(8007253,40,'rsssss',9,NULL,'Makaira nigricans',NULL),(8007270,70,'rsssss',9,NULL,'Manta birostris',NULL),(8007275,40,'nnnvvv',9,NULL,'Megalops atlanticus',NULL),(8007311,10,'nnnsss',9,NULL,'Menticirrhus americanus',NULL),(8007312,30,'rssnnn',9,NULL,'Menticirrhus elongatus',NULL),(8007313,10,'nnnsss',9,NULL,'Menticirrhus littoralis',NULL),(8007314,30,'rssnnn',9,NULL,'Menticirrhus nasus',NULL),(8007316,10,'vvvnnn',9,NULL,'Menticirrhus panamensis',NULL),(8007317,10,'nnnsss',9,NULL,'Menticirrhus saxatilis',NULL),(8007318,10,'vvvnnn',9,NULL,'Menticirrhus undulatus',NULL),(8007323,30,'rssnnn',9,NULL,'Merluccius productus',NULL),(8007343,30,'rssnnn',9,NULL,'Microlepidotus brevipinnis',NULL),(8007344,30,'rssnnn',9,NULL,'Microlepidotus inornatus',NULL),(8007348,10,'vvvnnn',9,NULL,'Micropogonias altipinnis',NULL),(8007350,30,'rssnnn',9,NULL,'Micropogonias megalops',NULL),(8007351,10,'nnnsss',9,NULL,'Micropogonias undulatus',NULL),(8007356,10,'sssnnn',9,NULL,'Microstomus pacificus',NULL),(8007359,30,'nnnsss',9,NULL,'Mobula hypostoma',NULL),(8007360,70,'rsssss',9,NULL,'Mobula japanica',NULL),(8007361,70,'rssnnn',9,NULL,'Mobula munkiana',NULL),(8007362,70,'rssnnn',9,NULL,'Mobula tarapacana',NULL),(8007363,70,'rssnnn',9,NULL,'Mobula thurstoni',NULL),(8007376,23,'vvvvrs',9,NULL,'Mugil cephalus',NULL),(8007377,3,'vvvvvs',9,NULL,'Mugil curema',NULL),(8007378,0,'vvvnnn',9,NULL,'Mugil hospes',NULL),(8007389,13,'vvvnnn',9,NULL,'Mustelus californicus',NULL),(8007390,33,'nnnsss',9,NULL,'Mustelus canis',NULL),(8007392,13,'vvvnnn',9,NULL,'Mustelus henlei',NULL),(8007394,13,'vvvnnn',9,NULL,'Mustelus lunulatus',NULL),(8007398,82,'nnnrrr',9,NULL,'Mycteroperca bonaci',NULL),(8007399,93,'nnnrrr',9,NULL,'Mycteroperca interstitialis',NULL),(8007400,40,'rssnnn',9,NULL,'Mycteroperca jordani',NULL),(8007401,63,'nnnrrr',9,NULL,'Mycteroperca microlepis',NULL),(8007402,63,'nnnrrr',9,NULL,'Mycteroperca phenax',NULL),(8007403,30,'snnnnn',9,NULL,'Mycteroperca prionura',NULL),(8007404,90,'rrrnnn',9,NULL,'Mycteroperca rosacea',NULL),(8007405,13,'nnnsss',9,NULL,'Mycteroperca tigris',NULL),(8007406,83,'nnnrrr',9,NULL,'Mycteroperca venenosa',NULL),(8007407,0,'svsnnn',9,NULL,'Mycteroperca xenarcha',NULL),(8007415,13,'vvvsss',9,NULL,'Myliobatis goodei',NULL),(8007416,33,'vvvnnn',9,NULL,'Myliobatis longirostris',NULL),(8007444,33,'rssvvv',9,NULL,'Narcine brasiliensis',NULL),(8007445,13,'vvvnnn',9,NULL,'Narcine entemedor',NULL),(8007447,13,'vvvnnn',9,NULL,'Nasolamia velox',NULL),(8007451,33,'vvvsss',9,NULL,'Negaprion brevirostris',NULL),(8007452,40,'rssnnn',9,NULL,'Nematistius pectoralis',NULL),(8007462,10,'nnnsss',9,NULL,'Neomerinthe hemingwayi',NULL),(8007496,30,'nnnvrv',9,NULL,'Ocyurus chrysurus',NULL),(8007519,30,'rssnnn',9,NULL,'Oligoplites altus',NULL),(8007520,15,'avsnnn',9,NULL,'Oligoplites refulgens',NULL),(8007521,30,'rsssss',9,NULL,'Oligoplites saurus',NULL),(8007534,10,'nnnsss',9,NULL,'Ophichthus rex',NULL),(8007548,30,'rsssss',9,NULL,'Ophiodon elongatus',NULL),(8007550,30,'rssnnn',9,NULL,'Ophioscion strabo',NULL),(8007553,14,'avsnnn',9,NULL,'Opisthonema bulleri',NULL),(8007554,14,'avsnnn',9,NULL,'Opisthonema libertate',NULL),(8007555,14,'avsnnn',9,NULL,'Opisthonema medirastre',NULL),(8007556,10,'nnnvvv',9,NULL,'Opisthonema oglinum',NULL),(8007582,30,'rssnnn',9,NULL,'Orthopristis chalceus',NULL),(8007583,10,'nnnsvv',9,NULL,'Orthopristis chrysoptera',NULL),(8007584,30,'rssnnn',9,NULL,'Orthopristis reddingi',NULL),(8007596,30,'nnnsss',9,NULL,'Pagrus pagrus',NULL),(8007619,10,'sssnnn',9,NULL,'Paralabrax auroguttatus',NULL),(8007620,10,'vvvnnn',9,NULL,'Paralabrax clathratus',NULL),(8007621,10,'sssnnn',9,NULL,'Paralabrax loro',NULL),(8007622,10,'vvsnnn',9,NULL,'Paralabrax maculatofasciatus',NULL),(8007623,-1,'sssnnn',9,NULL,'Paralabrax nebulifer',NULL),(8007627,10,'sssnnn',9,NULL,'Paralichthys aestuarius',NULL),(8007628,10,'nnnsss',9,NULL,'Paralichthys albigutta',NULL),(8007629,10,'sssnnn',9,NULL,'Paralichthys californicus',NULL),(8007630,10,'nnnsss',9,NULL,'Paralichthys lethostigma',NULL),(8007632,10,'sssnnn',9,NULL,'Paralichthys woolmani',NULL),(8007636,30,'rssnnn',9,NULL,'Paranthias colonus',NULL),(8007663,10,'nnnsss',9,NULL,'Peprilus paru',NULL),(8007740,10,'nnnsss',9,NULL,'Pogonias cromis',NULL),(8007742,30,'rssnnn',9,NULL,'Polydactylus approximans',NULL),(8007743,10,'nnnsss',9,NULL,'Polydactylus octonemus',NULL),(8007751,10,'nnnsss',9,NULL,'Pomacanthus arcuatus',NULL),(8007752,10,'nnnsss',9,NULL,'Pomacanthus paru',NULL),(8007756,10,'nnnsss',9,NULL,'Pomadasys crocro',NULL),(8007757,30,'rssnnn',9,NULL,'Pomadasys macracanthus',NULL),(8007758,30,'rssnnn',9,NULL,'Pomadasys panamensis',NULL),(8007765,10,'sssnnn',9,NULL,'Pontinus vaughani',NULL),(8007777,10,'nnnsss',9,NULL,'Priacanthus arenatus',NULL),(8007785,33,'vvvnnn',9,NULL,'Prionace glauca',NULL),(8007790,10,'nnnsss',9,NULL,'Prionotus evolans',NULL),(8007796,10,'nnnsss',9,NULL,'Prionotus punctatus',NULL),(8007799,30,'rssnnn',9,NULL,'Prionotus ruscarius',NULL),(8007810,53,'nnnsss',9,NULL,'Pristis pectinata',NULL),(8007811,53,'rsssss',9,NULL,'Pristis pristis',NULL),(8007832,30,'rssnnn',9,NULL,'Pseudobalistes naufragium',NULL),(8007841,30,'rssnnn',9,NULL,'Pseudupeneus grandisquamis',NULL),(8007858,30,'nnnsss',9,NULL,'Rachycentron canadum',NULL),(8007866,33,'vvvnnn',9,NULL,'Raja inornata',NULL),(8007869,33,'rssvvv',9,NULL,'Raja texana',NULL),(8007870,13,'vvvnnn',9,NULL,'Raja velezi',NULL),(8007877,50,'rsssss',9,NULL,'Reinhardtius hippoglossoides',NULL),(8007896,33,'rssnnn',9,NULL,'Rhinobatos glaucostigma',NULL),(8007897,53,'rssvvv',9,NULL,'Rhinobatos lentiginosus',NULL),(8007900,53,'rssnnn',9,NULL,'Rhinobatos productus',NULL),(8007903,33,'nnnvvv',9,NULL,'Rhinoptera bonasus',NULL),(8007904,33,'nnnsss',9,NULL,'Rhinoptera brasiliensis',NULL),(8007905,33,'vvvnnn',9,NULL,'Rhinoptera steindachneri',NULL),(8007906,13,'vvvnnn',9,NULL,'Rhizoprionodon longurio',NULL),(8007909,50,'nnnvrv',9,NULL,'Rhomboplites aurorubens',NULL),(8007938,10,'vvvnnn',9,NULL,'Sarda chiliensis',NULL),(8007939,30,'rssnnn',9,NULL,'Sarda orientalis',NULL),(8007940,10,'nnnsss',9,NULL,'Sarda sarda',NULL),(8007943,-1,'svvnnn',9,NULL,'Sardinops sagax',NULL),(8007969,10,'nnnsss',9,NULL,'Sciaenops ocellatus',NULL),(8007970,50,'rsssss',9,NULL,'Scomber australasicus',NULL),(8007971,35,'avssss',9,NULL,'Scomber japonicus',NULL),(8007972,50,'rsssss',9,NULL,'Scomber scombrus',NULL),(8007975,0,'nnnvvv',9,NULL,'Scomberomorus cavalla',NULL),(8007976,30,'sssnnn',9,NULL,'Scomberomorus concolor',NULL),(8007977,10,'nnnvvv',9,NULL,'Scomberomorus maculatus',NULL),(8007978,10,'nnnvvv',9,NULL,'Scomberomorus regalis',NULL),(8007979,30,'rssnnn',9,NULL,'Scomberomorus sierra',NULL),(8007996,30,'rssnnn',9,NULL,'Scorpaena guttata',NULL),(8008000,30,'rssnnn',9,NULL,'Scorpaena mystes',NULL),(8008001,10,'nnnsss',9,NULL,'Scorpaena plumieri',NULL),(8008002,30,'rssnnn',9,NULL,'Scorpaena russula',NULL),(8008007,30,'rssnnn',9,NULL,'Scorpaenodes xyris',NULL),(8008014,10,'vvsnnn',9,NULL,'Sebastes atrovirens',NULL),(8008018,10,'vvsnnn',9,NULL,'Sebastes caurinus',NULL),(8008019,10,'vvsnnn',9,NULL,'Sebastes chlorostictus',NULL),(8008020,10,'vvsnnn',9,NULL,'Sebastes chrysomelas',NULL),(8008021,10,'vvsnnn',9,NULL,'Sebastes constellatus',NULL),(8008025,10,'vvsnnn',9,NULL,'Sebastes elongatus',NULL),(8008026,10,'vvsnnn',9,NULL,'Sebastes ensifer',NULL),(8008027,10,'vvsnnn',9,NULL,'Sebastes entomelas',NULL),(8008031,10,'vvsnnn',9,NULL,'Sebastes goodei',NULL),(8008032,10,'vvsnnn',9,NULL,'Sebastes hopkinsi',NULL),(8008035,10,'vvsnnn',9,NULL,'Sebastes levis',NULL),(8008036,10,'vvsnnn',9,NULL,'Sebastes macdonaldi',NULL),(8008037,10,'vvsnnn',9,NULL,'Sebastes melanosema',NULL),(8008038,10,'vvsnnn',9,NULL,'Sebastes melanostomus',NULL),(8008039,10,'vvsnnn',9,NULL,'Sebastes miniatus',NULL),(8008040,10,'vvsnnn',9,NULL,'Sebastes mystinus',NULL),(8008043,30,'vvsnnn',9,NULL,'Sebastes paucispinis',NULL),(8008046,10,'vvsnnn',9,NULL,'Sebastes rastrelliger',NULL),(8008047,10,'vvsnnn',9,NULL,'Sebastes rosaceus',NULL),(8008048,30,'rssnnn',9,NULL,'Sebastes rosenblatti',NULL),(8008050,10,'vvsnnn',9,NULL,'Sebastes rubrivinctus',NULL),(8008051,10,'vvsnnn',9,NULL,'Sebastes rufus',NULL),(8008053,30,'rssnnn',9,NULL,'Sebastes semicinctus',NULL),(8008054,30,'rssnnn',9,NULL,'Sebastes serranoides',NULL),(8008055,30,'rssnnn',9,NULL,'Sebastes serriceps',NULL),(8008056,30,'rssnnn',9,NULL,'Sebastes simulator',NULL),(8008059,30,'rssnnn',9,NULL,'Sebastes umbrosus',NULL),(8008064,10,'vvvsss',9,NULL,'Selar crumenophthalmus',NULL),(8008065,30,'rssnnn',9,NULL,'Selene brevoortii',NULL),(8008066,10,'nnnsss',9,NULL,'Selene brownii',NULL),(8008069,10,'nnnsss',9,NULL,'Selene setapinnis',NULL),(8008070,10,'nnnsss',9,NULL,'Selene vomer',NULL),(8008071,50,'rssnnn',9,NULL,'Semicossyphus pulcher',NULL),(8008072,10,'nnnsss',9,NULL,'Seriola dumerili',NULL),(8008074,8,'sssnnn',9,NULL,'Seriola lalandi',NULL),(8008075,10,'vvsnnn',9,NULL,'Seriola peruana',NULL),(8008076,10,'ssssss',9,NULL,'Seriola rivoliana',NULL),(8008077,10,'nnnsss',9,NULL,'Seriola zonata',NULL),(8008083,30,'rssnnn',9,NULL,'Serranus huascarii',NULL),(8008105,30,'rssnnn',9,NULL,'Sphoeroides annulatus',NULL),(8008106,10,'nnnsss',9,NULL,'Sphoeroides dorsalis',NULL),(8008109,10,'nnnsss',9,NULL,'Sphoeroides nephelus',NULL),(8008113,10,'nnnsss',9,NULL,'Sphoeroides spengleri',NULL),(8008117,10,'nnnsss',9,NULL,'Sphyraena barracuda',NULL),(8008118,30,'rssnnn',9,NULL,'Sphyraena ensis',NULL),(8008119,10,'nnnsss',9,NULL,'Sphyraena guachancho',NULL),(8008123,53,'rssvvv',9,NULL,'Sphyrna corona',NULL),(8008124,33,'vvvvvv',9,NULL,'Sphyrna lewini',NULL),(8008126,13,'vvvsss',9,NULL,'Sphyrna mokarran',NULL),(8008127,13,'nnnvvv',9,NULL,'Sphyrna tiburo',NULL),(8008128,33,'vvvnnn',9,NULL,'Sphyrna zygaena',NULL),(8008131,13,'nnnsvs',9,NULL,'Squalus cubensis',NULL),(8008133,53,'rssnnn',9,NULL,'Squatina californica',NULL),(8008134,13,'nnnsss',9,NULL,'Squatina dumeril',NULL),(8008179,50,'rssnnn',9,NULL,'Stereolepis gigas',NULL),(8008182,30,'rssnnn',9,NULL,'Strongylura exilis',NULL),(8008191,30,'rssnnn',9,NULL,'Sufflamen verres',NULL),(8008192,10,'nnnsss',9,NULL,'Syacium gunteri',NULL),(8008247,10,'nnnsss',9,NULL,'Synodus foetens',NULL),(8008249,30,'rssnnn',9,NULL,'Synodus lacertinus',NULL),(8008266,20,'vvvnnn',9,NULL,'Tetrapturus angustirostris',NULL),(8008287,63,'rsssss',9,NULL,'Thunnus alalunga',NULL),(8008288,41,'vvvvvs',9,NULL,'Thunnus albacares',NULL),(8008289,13,'nnnsss',9,NULL,'Thunnus atlanticus',NULL),(8008290,63,'rsssss',9,NULL,'Thunnus obesus',NULL),(8008291,63,'srrnnn',9,NULL,'Thunnus orientalis',NULL),(8008292,63,'rsssss',9,NULL,'Thunnus thynnus',NULL),(8008305,60,'snnnnn',9,NULL,'Totoaba macdonaldi',NULL),(8008307,10,'nnnsss',9,NULL,'Trachinotus carolinus',NULL),(8008308,10,'nnnsss',9,NULL,'Trachinotus falcatus',NULL),(8008309,10,'nnnsss',9,NULL,'Trachinotus goodei',NULL),(8008311,30,'rssnnn',9,NULL,'Trachinotus paitensis',NULL),(8008312,30,'rssnnn',9,NULL,'Trachinotus rhodopus',NULL),(8008317,15,'avsnnn',9,NULL,'Trachurus symmetricus',NULL),(8008320,0,'nnnsss',9,NULL,'Trichiurus lepturus',NULL),(8008339,10,'vvvnnn',9,NULL,'Umbrina roncador',NULL),(8008341,10,'svvnnn',9,NULL,'Umbrina xanti',NULL),(8008343,10,'nnnsss',9,NULL,'Upeneus parvus',NULL),(8008347,33,'rssnnn',9,NULL,'Urobatis halleri',NULL),(8008349,13,'vvvnnn',9,NULL,'Urobatis maculatus',NULL),(8008362,33,'rssnnn',9,NULL,'Urotrygon rogersi',NULL),(8008386,30,'rssnnn',9,NULL,'Xenichthys xanti',NULL),(8008398,60,'rsssss',9,NULL,'Xiphias gladius',NULL),(8008427,10,'sssnnn',9,NULL,'Xystreurys liolepis',NULL),(8008437,13,'sssnnn',9,NULL,'Zapteryx exasperata',NULL),(8008457,10,'sssnnn',9,NULL,'Hypsopsetta guttulata',NULL),(8008533,13,'nnnvvv',9,NULL,'Rhizoprionodon terraenovae',NULL),(8008535,10,'nnnvss',9,NULL,'Sciades felis',NULL),(8008569,30,'rssnnn',9,NULL,'Hyporthodus niphobles',NULL),(8009045,50,'rsssss',9,NULL,'Clupea harengus',NULL),(8009226,10,'nnnsss',9,NULL,'Sciades assimilis',NULL),(8009293,30,'rssnnn',9,NULL,'Ariopsis seemanni',NULL),(8009944,30,'rssnnn',9,NULL,'Hyporthodus acanthistius',NULL),(8010079,10,'vvvnnn',9,NULL,'Carangoides otrynter',NULL),(8010085,30,'rssnnn',9,NULL,'Carangoides vinctus',NULL),(8010766,0,'nnnvvv',9,NULL,'Istiophorus albicans',NULL),(8010773,40,'vvvnnn',9,NULL,'Kajikia audax',NULL),(8011063,30,'rssnnn',9,NULL,'Sciades guatemalensis',NULL),(8019313,13,'vvvnnn',9,NULL,'Myliobatis californica',NULL),(8019321,10,'sssnnn',9,NULL,'Hippoglossina tetrophthalma',NULL),(8019325,20,'vvvnnn',9,NULL,'Istiompax indica',NULL),(8019371,30,'rssnnn',9,NULL,'Kyphosus vaigiensis',NULL),(8019373,15,'avssss',9,NULL,'Etrumeus sadina',NULL),(8019376,30,'rssnnn',9,NULL,'Deckertichthys aureolus',NULL),(8020033,3,'nnnsss',9,NULL,'Hyporthodus mystacinus',NULL),(8020104,40,'rsssss',9,NULL,'Salmo trutta',NULL),(8020107,30,'rssnnn',9,NULL,'Kyphosus azureus',NULL),(8020108,30,'rsssss',9,NULL,'Kyphosus ocyurus',NULL);
/*!40000 ALTER TABLE `peces` ENABLE KEYS */;
UNLOCK TABLES;

--
-- Table structure for table `peces_criterios`
--

DROP TABLE IF EXISTS `peces_criterios`;
/*!40101 SET @saved_cs_client     = @@character_set_client */;
/*!40101 SET character_set_client = utf8 */;
CREATE TABLE `peces_criterios` (
  `especie_id` int(11) NOT NULL,
  `criterio_id` int(11) NOT NULL,
  PRIMARY KEY (`criterio_id`,`especie_id`),
  KEY `fk_criterios_categorias_criterios1_idx` (`criterio_id`),
  KEY `fk_peces_criterios_peces1_idx` (`especie_id`),
  CONSTRAINT `fk_criterios_categorias_criterios1` FOREIGN KEY (`criterio_id`) REFERENCES `criterios` (`id`) ON DELETE NO ACTION ON UPDATE NO ACTION,
  CONSTRAINT `fk_peces_criterios_peces1` FOREIGN KEY (`especie_id`) REFERENCES `peces` (`especie_id`) ON DELETE NO ACTION ON UPDATE NO ACTION
) ENGINE=InnoDB DEFAULT CHARSET=utf8;
/*!40101 SET character_set_client = @saved_cs_client */;

--
-- Dumping data for table `peces_criterios`
--

LOCK TABLES `peces_criterios` WRITE;
/*!40000 ALTER TABLE `peces_criterios` DISABLE KEYS */;
INSERT INTO `peces_criterios` VALUES (2002140,2),(2002141,2),(2002142,2),(2002143,2),(2002144,2),(2002145,2),(2002146,2),(2002147,2),(2002148,2),(2002151,2),(2002152,2),(2002155,2),(2002162,2),(2002163,2),(2002166,2),(2002167,2),(2002415,2),(2002416,2),(2002420,2),(2002421,2),(2002643,2),(2002644,2),(2002645,2),(2002646,2),(2002647,2),(2002648,2),(2002649,2),(2002650,2),(2002651,2),(2002652,2),(2002653,2),(2002868,2),(2003047,2),(2003163,2),(2003231,2),(2008619,2),(8005828,2),(8005831,2),(8005833,2),(8005834,2),(8005835,2),(8005838,2),(8005851,2),(8005858,2),(8005859,2),(8005860,2),(8005889,2),(8005894,2),(8005922,2),(8005923,2),(8005924,2),(8005927,2),(8005937,2),(8005944,2),(8005946,2),(8005989,2),(8005995,2),(8005996,2),(8006021,2),(8006022,2),(8006057,2),(8006064,2),(8006074,2),(8006075,2),(8006076,2),(8006077,2),(8006079,2),(8006081,2),(8006082,2),(8006086,2),(8006134,2),(8006135,2),(8006136,2),(8006153,2),(8006154,2),(8006155,2),(8006170,2),(8006171,2),(8006173,2),(8006174,2),(8006183,2),(8006184,2),(8006185,2),(8006186,2),(8006188,2),(8006190,2),(8006191,2),(8006206,2),(8006207,2),(8006208,2),(8006209,2),(8006210,2),(8006211,2),(8006212,2),(8006213,2),(8006217,2),(8006218,2),(8006221,2),(8006225,2),(8006228,2),(8006229,2),(8006230,2),(8006232,2),(8006234,2),(8006235,2),(8006236,2),(8006247,2),(8006257,2),(8006258,2),(8006261,2),(8006262,2),(8006263,2),(8006269,2),(8006274,2),(8006275,2),(8006276,2),(8006278,2),(8006280,2),(8006288,2),(8006290,2),(8006297,2),(8006298,2),(8006305,2),(8006313,2),(8006355,2),(8006388,2),(8006395,2),(8006402,2),(8006454,2),(8006455,2),(8006457,2),(8006458,2),(8006459,2),(8006461,2),(8006463,2),(8006466,2),(8006523,2),(8006524,2),(8006525,2),(8006526,2),(8006527,2),(8006529,2),(8006531,2),(8006541,2),(8006543,2),(8006564,2),(8006568,2),(8006618,2),(8006624,2),(8006625,2),(8006642,2),(8006665,2),(8006667,2),(8006688,2),(8006704,2),(8006705,2),(8006706,2),(8006707,2),(8006708,2),(8006709,2),(8006713,2),(8006715,2),(8006717,2),(8006718,2),(8006720,2),(8006727,2),(8006746,2),(8006790,2),(8006892,2),(8006893,2),(8006894,2),(8006895,2),(8006897,2),(8006898,2),(8006901,2),(8006903,2),(8006904,2),(8006907,2),(8006908,2),(8006910,2),(8006915,2),(8006938,2),(8006940,2),(8006951,2),(8006984,2),(8006985,2),(8006991,2),(8006993,2),(8007006,2),(8007106,2),(8007107,2),(8007108,2),(8007128,2),(8007130,2),(8007139,2),(8007141,2),(8007144,2),(8007195,2),(8007203,2),(8007211,2),(8007212,2),(8007213,2),(8007214,2),(8007215,2),(8007216,2),(8007217,2),(8007218,2),(8007219,2),(8007220,2),(8007221,2),(8007222,2),(8007223,2),(8007225,2),(8007226,2),(8007227,2),(8007228,2),(8007229,2),(8007230,2),(8007270,2),(8007311,2),(8007312,2),(8007313,2),(8007314,2),(8007316,2),(8007317,2),(8007318,2),(8007323,2),(8007343,2),(8007344,2),(8007348,2),(8007350,2),(8007351,2),(8007356,2),(8007359,2),(8007360,2),(8007361,2),(8007362,2),(8007363,2),(8007389,2),(8007390,2),(8007392,2),(8007394,2),(8007399,2),(8007403,2),(8007404,2),(8007405,2),(8007415,2),(8007416,2),(8007444,2),(8007445,2),(8007447,2),(8007451,2),(8007462,2),(8007496,2),(8007519,2),(8007520,2),(8007521,2),(8007534,2),(8007548,2),(8007550,2),(8007553,2),(8007554,2),(8007555,2),(8007556,2),(8007582,2),(8007583,2),(8007584,2),(8007596,2),(8007619,2),(8007620,2),(8007621,2),(8007622,2),(8007627,2),(8007628,2),(8007629,2),(8007630,2),(8007632,2),(8007636,2),(8007663,2),(8007740,2),(8007742,2),(8007743,2),(8007751,2),(8007752,2),(8007756,2),(8007757,2),(8007758,2),(8007765,2),(8007777,2),(8007785,2),(8007790,2),(8007796,2),(8007799,2),(8007810,2),(8007811,2),(8007832,2),(8007841,2),(8007858,2),(8007866,2),(8007869,2),(8007870,2),(8007877,2),(8007896,2),(8007897,2),(8007900,2),(8007903,2),(8007904,2),(8007905,2),(8007906,2),(8007909,2),(8007938,2),(8007939,2),(8007940,2),(8007969,2),(8007970,2),(8007971,2),(8007972,2),(8007976,2),(8007977,2),(8007978,2),(8007979,2),(8007996,2),(8008000,2),(8008001,2),(8008002,2),(8008007,2),(8008014,2),(8008018,2),(8008019,2),(8008020,2),(8008021,2),(8008025,2),(8008026,2),(8008027,2),(8008031,2),(8008032,2),(8008035,2),(8008036,2),(8008037,2),(8008038,2),(8008039,2),(8008040,2),(8008043,2),(8008046,2),(8008047,2),(8008048,2),(8008050,2),(8008051,2),(8008053,2),(8008054,2),(8008055,2),(8008056,2),(8008059,2),(8008064,2),(8008065,2),(8008066,2),(8008069,2),(8008070,2),(8008071,2),(8008072,2),(8008074,2),(8008075,2),(8008076,2),(8008077,2),(8008083,2),(8008105,2),(8008106,2),(8008109,2),(8008113,2),(8008117,2),(8008118,2),(8008119,2),(8008123,2),(8008124,2),(8008126,2),(8008127,2),(8008128,2),(8008131,2),(8008133,2),(8008134,2),(8008179,2),(8008182,2),(8008191,2),(8008192,2),(8008247,2),(8008249,2),(8008289,2),(8008307,2),(8008308,2),(8008309,2),(8008311,2),(8008312,2),(8008317,2),(8008339,2),(8008341,2),(8008343,2),(8008347,2),(8008349,2),(8008362,2),(8008386,2),(8008427,2),(8008437,2),(8008457,2),(8008533,2),(8008535,2),(8008569,2),(8009045,2),(8009226,2),(8009293,2),(8009944,2),(8010079,2),(8010085,2),(8011063,2),(8019313,2),(8019321,2),(8019371,2),(8019373,2),(8019376,2),(8020107,2),(8020108,2),(8006313,4),(8007100,4),(8007858,4),(8007971,4),(8008287,4),(8008288,4),(8008290,4),(8008292,4),(8008398,4),(8020104,4),(8006217,5),(8006247,5),(8006313,5),(8006395,5),(8006993,5),(8007100,5),(8007858,5),(8007877,5),(8007970,5),(8007971,5),(8007972,5),(8008287,5),(8008288,5),(8008290,5),(8008292,5),(8008398,5),(8009045,5),(8020104,5),(2002201,6),(4010259,7),(4010288,7),(4013551,7),(8005845,8),(8007810,9),(8007811,9),(8008305,10),(8007596,11),(8007866,11),(8005845,12),(8005851,12),(8005859,12),(8006221,12),(8006225,12),(8006226,12),(8006229,12),(8006230,12),(8006598,12),(8006668,12),(8006764,12),(8007211,12),(8007360,12),(8007361,12),(8007363,12),(8007390,12),(8007398,12),(8007403,12),(8007406,12),(8007416,12),(8007451,12),(8007785,12),(8007897,12),(8007900,12),(8007903,12),(8007905,12),(8008123,12),(8008133,12),(8008287,12),(8008288,12),(8010773,12),(8005858,13),(8006672,14),(8007203,14),(8007400,14),(8007904,14),(8008124,14),(8008292,14),(8006662,15),(8006666,15),(8007810,15),(8008043,15),(8008179,15),(8008305,15),(8006993,16),(8005885,17),(8005886,17),(8005887,17),(8006231,17),(8006232,17),(8006234,17),(8006236,17),(8006460,17),(8006892,17),(8007089,17),(8007122,17),(8007216,17),(8007218,17),(8007252,17),(8007270,17),(8007275,17),(8007362,17),(8007399,17),(8007404,17),(8007909,17),(8007976,17),(8008071,17),(8008128,17),(8008290,17),(8008291,17),(2002141,18),(2002144,18),(2002145,18),(2002146,18),(2002162,18),(4012593,18),(1000835,19),(1000836,19),(2002415,19),(2002416,19),(2002420,19),(2002421,19),(2002644,19),(2002649,19),(2002651,19),(2002737,19),(2003047,19),(2008619,19),(4010252,19),(4010253,19),(4010300,19),(4010301,19),(4010349,19),(4011416,19),(4012593,19),(4013170,19),(4013171,19),(4013172,19),(4013173,19),(4013240,19),(4013375,19),(8005851,19),(8005885,19),(8005886,19),(8005887,19),(8006221,19),(8006225,19),(8006226,19),(8006228,19),(8006229,19),(8006230,19),(8006231,19),(8006232,19),(8006234,19),(8006235,19),(8006236,19),(8006274,19),(8006276,19),(8006278,19),(8006288,19),(8006289,19),(8006460,19),(8006523,19),(8006524,19),(8006525,19),(8006526,19),(8006527,19),(8006598,19),(8006659,19),(8006662,19),(8006665,19),(8006666,19),(8006668,19),(8006672,19),(8006764,19),(8006812,19),(8006892,19),(8006893,19),(8006894,19),(8006895,19),(8006984,19),(8006985,19),(8007089,19),(8007100,19),(8007376,19),(8007377,19),(8007389,19),(8007390,19),(8007392,19),(8007394,19),(8007398,19),(8007399,19),(8007401,19),(8007402,19),(8007405,19),(8007406,19),(8007415,19),(8007416,19),(8007444,19),(8007445,19),(8007447,19),(8007451,19),(8007785,19),(8007810,19),(8007811,19),(8007866,19),(8007869,19),(8007870,19),(8007896,19),(8007897,19),(8007900,19),(8007903,19),(8007904,19),(8007905,19),(8007906,19),(8008123,19),(8008124,19),(8008126,19),(8008127,19),(8008128,19),(8008131,19),(8008133,19),(8008134,19),(8008287,19),(8008288,19),(8008289,19),(8008290,19),(8008291,19),(8008292,19),(8008347,19),(8008349,19),(8008362,19),(8008437,19),(8008533,19),(8019313,19),(8020033,19),(2002140,20),(2002141,20),(2002142,20),(2002143,20),(2002144,20),(2002145,20),(2002146,20),(2002147,20),(2002152,20),(2002155,20),(2002162,20),(2002192,20),(2002202,20),(2002868,20),(2003163,20),(1001005,21),(1001007,21),(1001014,21),(1001016,21),(2002148,21),(8006411,21),(8007088,21),(8007252,21),(8007253,21),(8007270,21),(8007275,21),(8007359,21),(8007360,21),(8007361,21),(8007362,21),(8007363,21),(8007452,21),(8008266,21),(8008305,21),(8008398,21),(8010773,21),(8019325,21),(8006460,24),(4013365,25),(8007623,25),(8007226,26),(4010247,27),(8006263,27),(8007100,27),(8008288,27),(2003047,28),(8008074,28),(2003047,29),(8007100,30),(8008288,30),(8006280,31),(2002415,32),(2002415,33),(8007553,34),(8007554,34),(8007555,34),(8007553,35),(8007554,35),(8007555,35),(4010300,36),(4010301,36),(4013675,36),(8008074,36),(4010301,37),(8007943,37),(8006668,38),(8007398,38),(4013675,39),(4013306,40),(4013320,40),(4013675,40),(8006728,40),(8007938,40),(4010247,41),(8006280,41),(8007088,41),(8007404,41),(2002140,42),(2002142,42),(2002143,42),(2002146,42),(2002147,42),(4010229,42),(8006077,42),(8006081,42),(8006209,42),(8006226,42),(8006229,42),(8006230,42),(8006231,42),(8006232,42),(8006234,42),(8006235,42),(8006460,42),(8006524,42),(8006526,42),(8006598,42),(8006618,42),(8006666,42),(8006764,42),(8006812,42),(8006893,42),(8006894,42),(8006984,42),(8007006,42),(8007214,42),(8007217,42),(8007220,42),(8007223,42),(8007225,42),(8007226,42),(8007229,42),(8007252,42),(8007316,42),(8007318,42),(8007348,42),(8007376,42),(8007377,42),(8007378,42),(8007389,42),(8007392,42),(8007394,42),(8007415,42),(8007416,42),(8007445,42),(8007447,42),(8007451,42),(8007620,42),(8007622,42),(8007785,42),(8007866,42),(8007870,42),(8007905,42),(8007906,42),(8008014,42),(8008018,42),(8008019,42),(8008020,42),(8008021,42),(8008025,42),(8008026,42),(8008027,42),(8008031,42),(8008032,42),(8008035,42),(8008036,42),(8008037,42),(8008038,42),(8008039,42),(8008040,42),(8008043,42),(8008046,42),(8008047,42),(8008050,42),(8008051,42),(8008064,42),(8008075,42),(8008124,42),(8008126,42),(8008128,42),(8008266,42),(8008288,42),(8008339,42),(8008349,42),(8010079,42),(8010773,42),(8019313,42),(8019325,42),(4013170,43),(4013171,43),(8006298,43),(8006642,43),(8007520,43),(8007553,43),(8007554,43),(8007555,43),(8007971,43),(8008317,43),(8019373,43),(1000792,44),(1000810,44),(1000816,44),(1001109,44),(1001110,44),(1001117,44),(1001118,44),(1001290,44),(1001295,44),(1001378,44),(2002152,44),(2002189,44),(2002192,44),(2002201,44),(2002202,44),(2002364,44),(2002420,44),(2002421,44),(2002643,44),(2002645,44),(2002868,44),(2003046,44),(2003047,44),(2003163,44),(4002442,44),(4010238,44),(4010259,44),(4013229,44),(4013240,44),(4013308,44),(4013365,44),(4013473,44),(4013507,44),(4013551,44),(4013700,44),(4013701,44),(4013799,44),(8005828,44),(8005838,44),(8005858,44),(8005859,44),(8005860,44),(8005889,44),(8005894,44),(8005923,44),(8005944,44),(8006021,44),(8006022,44),(8006057,44),(8006064,44),(8006075,44),(8006076,44),(8006086,44),(8006134,44),(8006153,44),(8006174,44),(8006184,44),(8006208,44),(8006211,44),(8006213,44),(8006217,44),(8006257,44),(8006275,44),(8006290,44),(8006305,44),(8006313,44),(8006355,44),(8006395,44),(8006402,44),(8006411,44),(8006454,44),(8006457,44),(8006461,44),(8006463,44),(8006466,44),(8006529,44),(8006531,44),(8006537,44),(8006543,44),(8006568,44),(8006624,44),(8006660,44),(8006667,44),(8006704,44),(8006705,44),(8006706,44),(8006707,44),(8006708,44),(8006715,44),(8006717,44),(8006718,44),(8006746,44),(8006790,44),(8006901,44),(8006904,44),(8006910,44),(8006915,44),(8006951,44),(8006991,44),(8006993,44),(8007100,44),(8007106,44),(8007139,44),(8007213,44),(8007221,44),(8007253,44),(8007270,44),(8007312,44),(8007314,44),(8007323,44),(8007343,44),(8007344,44),(8007350,44),(8007360,44),(8007361,44),(8007362,44),(8007363,44),(8007400,44),(8007444,44),(8007452,44),(8007519,44),(8007521,44),(8007548,44),(8007550,44),(8007582,44),(8007584,44),(8007636,44),(8007742,44),(8007757,44),(8007758,44),(8007799,44),(8007811,44),(8007832,44),(8007841,44),(8007869,44),(8007877,44),(8007896,44),(8007897,44),(8007900,44),(8007939,44),(8007970,44),(8007972,44),(8007979,44),(8007996,44),(8008000,44),(8008002,44),(8008007,44),(8008048,44),(8008053,44),(8008054,44),(8008055,44),(8008056,44),(8008059,44),(8008065,44),(8008071,44),(8008083,44),(8008105,44),(8008118,44),(8008123,44),(8008133,44),(8008179,44),(8008182,44),(8008191,44),(8008249,44),(8008287,44),(8008290,44),(8008292,44),(8008311,44),(8008312,44),(8008347,44),(8008362,44),(8008386,44),(8008398,44),(8008569,44),(8009045,44),(8009293,44),(8009944,44),(8010085,44),(8011063,44),(8019371,44),(8019376,44),(8020104,44),(8020107,44),(8020108,44),(1000910,45),(1001005,45),(1001007,45),(1001014,45),(1001016,45),(2002141,45),(2002144,45),(2002145,45),(2002148,45),(2002151,45),(2002155,45),(2002162,45),(2002193,45),(2002197,45),(2002342,45),(2002415,45),(2002416,45),(2002646,45),(2002647,45),(2002648,45),(2002650,45),(2002652,45),(2002653,45),(2002665,45),(2002737,45),(2002738,45),(2002785,45),(2003231,45),(2008619,45),(2008625,45),(4009848,45),(4009948,45),(4009949,45),(4010134,45),(4010252,45),(4010253,45),(4010258,45),(4010274,45),(4010275,45),(4010288,45),(4010289,45),(4010291,45),(4011343,45),(4011416,45),(4011904,45),(4011912,45),(4012183,45),(4012227,45),(4012593,45),(4013226,45),(4013375,45),(8005831,45),(8005833,45),(8005834,45),(8005835,45),(8005845,45),(8005922,45),(8005924,45),(8005927,45),(8005946,45),(8005989,45),(8005995,45),(8005996,45),(8006074,45),(8006079,45),(8006082,45),(8006135,45),(8006136,45),(8006154,45),(8006155,45),(8006170,45),(8006171,45),(8006173,45),(8006183,45),(8006185,45),(8006186,45),(8006188,45),(8006190,45),(8006191,45),(8006206,45),(8006207,45),(8006210,45),(8006212,45),(8006221,45),(8006225,45),(8006228,45),(8006236,45),(8006247,45),(8006258,45),(8006261,45),(8006262,45),(8006274,45),(8006276,45),(8006278,45),(8006288,45),(8006289,45),(8006297,45),(8006455,45),(8006458,45),(8006459,45),(8006523,45),(8006525,45),(8006527,45),(8006541,45),(8006564,45),(8006625,45),(8006659,45),(8006662,45),(8006665,45),(8006668,45),(8006672,45),(8006688,45),(8006709,45),(8006713,45),(8006720,45),(8006727,45),(8006892,45),(8006895,45),(8006897,45),(8006898,45),(8006900,45),(8006902,45),(8006903,45),(8006907,45),(8006908,45),(8006938,45),(8006940,45),(8006985,45),(8007107,45),(8007108,45),(8007122,45),(8007128,45),(8007130,45),(8007141,45),(8007144,45),(8007195,45),(8007203,45),(8007211,45),(8007212,45),(8007215,45),(8007216,45),(8007218,45),(8007219,45),(8007222,45),(8007227,45),(8007228,45),(8007230,45),(8007275,45),(8007311,45),(8007313,45),(8007317,45),(8007351,45),(8007359,45),(8007390,45),(8007398,45),(8007399,45),(8007401,45),(8007402,45),(8007405,45),(8007406,45),(8007462,45),(8007496,45),(8007534,45),(8007556,45),(8007583,45),(8007596,45),(8007628,45),(8007630,45),(8007663,45),(8007740,45),(8007743,45),(8007751,45),(8007752,45),(8007756,45),(8007777,45),(8007790,45),(8007796,45),(8007810,45),(8007858,45),(8007903,45),(8007904,45),(8007909,45),(8007940,45),(8007969,45),(8007975,45),(8007977,45),(8007978,45),(8008001,45),(8008066,45),(8008069,45),(8008070,45),(8008072,45),(8008077,45),(8008106,45),(8008109,45),(8008113,45),(8008117,45),(8008119,45),(8008127,45),(8008131,45),(8008134,45),(8008192,45),(8008247,45),(8008289,45),(8008307,45),(8008308,45),(8008309,45),(8008320,45),(8008343,45),(8008533,45),(8008535,45),(8009226,45),(8010766,45),(8020033,45),(4013306,46),(4013320,46),(4013675,46),(8006728,46),(8007938,46),(1000792,47),(1000810,47),(1000816,47),(1001109,47),(1001110,47),(1001117,47),(1001118,47),(1001290,47),(1001295,47),(1001378,47),(2002152,47),(2002189,47),(2002192,47),(2002201,47),(2002202,47),(2002364,47),(2002420,47),(2002421,47),(2002643,47),(2002645,47),(2002868,47),(2003046,47),(2003047,47),(2003163,47),(4002442,47),(4010238,47),(4010247,47),(4010259,47),(4013170,47),(4013171,47),(4013229,47),(4013240,47),(4013308,47),(4013365,47),(4013473,47),(4013507,47),(4013551,47),(4013700,47),(4013701,47),(4013799,47),(8005828,47),(8005838,47),(8005858,47),(8005859,47),(8005860,47),(8005889,47),(8005894,47),(8005923,47),(8005944,47),(8006021,47),(8006022,47),(8006057,47),(8006064,47),(8006075,47),(8006076,47),(8006086,47),(8006134,47),(8006153,47),(8006174,47),(8006184,47),(8006208,47),(8006211,47),(8006213,47),(8006217,47),(8006257,47),(8006275,47),(8006280,47),(8006290,47),(8006298,47),(8006305,47),(8006313,47),(8006355,47),(8006395,47),(8006402,47),(8006411,47),(8006454,47),(8006457,47),(8006461,47),(8006463,47),(8006466,47),(8006529,47),(8006531,47),(8006537,47),(8006543,47),(8006568,47),(8006624,47),(8006642,47),(8006660,47),(8006667,47),(8006704,47),(8006705,47),(8006706,47),(8006707,47),(8006708,47),(8006715,47),(8006717,47),(8006718,47),(8006746,47),(8006790,47),(8006901,47),(8006904,47),(8006910,47),(8006915,47),(8006951,47),(8006991,47),(8006993,47),(8007088,47),(8007100,47),(8007106,47),(8007139,47),(8007213,47),(8007221,47),(8007253,47),(8007270,47),(8007312,47),(8007314,47),(8007323,47),(8007343,47),(8007344,47),(8007350,47),(8007360,47),(8007361,47),(8007362,47),(8007363,47),(8007400,47),(8007404,47),(8007444,47),(8007452,47),(8007519,47),(8007520,47),(8007521,47),(8007548,47),(8007550,47),(8007553,47),(8007554,47),(8007555,47),(8007582,47),(8007584,47),(8007636,47),(8007742,47),(8007757,47),(8007758,47),(8007799,47),(8007811,47),(8007832,47),(8007841,47),(8007869,47),(8007877,47),(8007896,47),(8007897,47),(8007900,47),(8007939,47),(8007970,47),(8007971,47),(8007972,47),(8007979,47),(8007996,47),(8008000,47),(8008002,47),(8008007,47),(8008048,47),(8008053,47),(8008054,47),(8008055,47),(8008056,47),(8008059,47),(8008065,47),(8008071,47),(8008083,47),(8008105,47),(8008118,47),(8008123,47),(8008133,47),(8008179,47),(8008182,47),(8008191,47),(8008249,47),(8008287,47),(8008290,47),(8008292,47),(8008311,47),(8008312,47),(8008317,47),(8008347,47),(8008362,47),(8008386,47),(8008398,47),(8008569,47),(8009045,47),(8009293,47),(8009944,47),(8010085,47),(8011063,47),(8019371,47),(8019373,47),(8019376,47),(8020104,47),(8020107,47),(8020108,47),(2002140,48),(2002142,48),(2002143,48),(2002146,48),(2002147,48),(4010229,48),(8006077,48),(8006081,48),(8006209,48),(8006226,48),(8006229,48),(8006230,48),(8006231,48),(8006232,48),(8006234,48),(8006235,48),(8006460,48),(8006524,48),(8006526,48),(8006598,48),(8006618,48),(8006666,48),(8006764,48),(8006812,48),(8006893,48),(8006894,48),(8006984,48),(8007006,48),(8007214,48),(8007217,48),(8007220,48),(8007223,48),(8007225,48),(8007226,48),(8007229,48),(8007252,48),(8007316,48),(8007318,48),(8007348,48),(8007376,48),(8007377,48),(8007378,48),(8007389,48),(8007392,48),(8007394,48),(8007415,48),(8007416,48),(8007445,48),(8007447,48),(8007451,48),(8007620,48),(8007622,48),(8007785,48),(8007866,48),(8007870,48),(8007905,48),(8007906,48),(8008014,48),(8008018,48),(8008019,48),(8008020,48),(8008021,48),(8008025,48),(8008026,48),(8008027,48),(8008031,48),(8008032,48),(8008035,48),(8008036,48),(8008037,48),(8008038,48),(8008039,48),(8008040,48),(8008043,48),(8008046,48),(8008047,48),(8008050,48),(8008051,48),(8008064,48),(8008075,48),(8008124,48),(8008126,48),(8008128,48),(8008266,48),(8008288,48),(8008339,48),(8008349,48),(8010079,48),(8010773,48),(8019313,48),(8019325,48),(4013170,49),(4013171,49),(8006298,49),(8006642,49),(8007520,49),(8007553,49),(8007554,49),(8007555,49),(8007971,49),(8008317,49),(8019373,49),(1000792,50),(1000810,50),(1000816,50),(1001109,50),(1001110,50),(1001117,50),(1001118,50),(1001290,50),(1001295,50),(1001378,50),(2002152,50),(2002189,50),(2002192,50),(2002201,50),(2002202,50),(2002364,50),(2002420,50),(2002421,50),(2002643,50),(2002645,50),(2002868,50),(2003046,50),(2003047,50),(2003163,50),(4002442,50),(4010238,50),(4010259,50),(4013229,50),(4013240,50),(4013308,50),(4013365,50),(4013473,50),(4013507,50),(4013551,50),(4013700,50),(4013701,50),(4013799,50),(8005828,50),(8005838,50),(8005858,50),(8005859,50),(8005860,50),(8005889,50),(8005894,50),(8005923,50),(8005944,50),(8006021,50),(8006022,50),(8006057,50),(8006064,50),(8006075,50),(8006076,50),(8006086,50),(8006134,50),(8006153,50),(8006174,50),(8006184,50),(8006208,50),(8006211,50),(8006213,50),(8006217,50),(8006257,50),(8006275,50),(8006290,50),(8006305,50),(8006313,50),(8006355,50),(8006395,50),(8006402,50),(8006411,50),(8006454,50),(8006457,50),(8006461,50),(8006463,50),(8006466,50),(8006529,50),(8006531,50),(8006537,50),(8006543,50),(8006568,50),(8006624,50),(8006660,50),(8006667,50),(8006704,50),(8006705,50),(8006706,50),(8006707,50),(8006708,50),(8006715,50),(8006717,50),(8006718,50),(8006746,50),(8006790,50),(8006901,50),(8006904,50),(8006910,50),(8006915,50),(8006951,50),(8006991,50),(8006993,50),(8007100,50),(8007106,50),(8007139,50),(8007213,50),(8007221,50),(8007253,50),(8007270,50),(8007312,50),(8007314,50),(8007323,50),(8007343,50),(8007344,50),(8007350,50),(8007360,50),(8007361,50),(8007362,50),(8007363,50),(8007400,50),(8007444,50),(8007452,50),(8007519,50),(8007521,50),(8007548,50),(8007550,50),(8007582,50),(8007584,50),(8007636,50),(8007742,50),(8007757,50),(8007758,50),(8007799,50),(8007811,50),(8007832,50),(8007841,50),(8007869,50),(8007877,50),(8007896,50),(8007897,50),(8007900,50),(8007939,50),(8007970,50),(8007972,50),(8007979,50),(8007996,50),(8008000,50),(8008002,50),(8008007,50),(8008048,50),(8008053,50),(8008054,50),(8008055,50),(8008056,50),(8008059,50),(8008065,50),(8008071,50),(8008083,50),(8008105,50),(8008118,50),(8008123,50),(8008133,50),(8008179,50),(8008182,50),(8008191,50),(8008249,50),(8008287,50),(8008290,50),(8008292,50),(8008311,50),(8008312,50),(8008347,50),(8008362,50),(8008386,50),(8008398,50),(8008569,50),(8009045,50),(8009293,50),(8009944,50),(8010085,50),(8011063,50),(8019371,50),(8019376,50),(8020104,50),(8020107,50),(8020108,50),(1000910,51),(1001005,51),(1001007,51),(1001014,51),(1001016,51),(2002141,51),(2002144,51),(2002145,51),(2002148,51),(2002151,51),(2002155,51),(2002162,51),(2002193,51),(2002197,51),(2002342,51),(2002415,51),(2002416,51),(2002646,51),(2002647,51),(2002648,51),(2002650,51),(2002652,51),(2002653,51),(2002665,51),(2002737,51),(2002738,51),(2002785,51),(2003231,51),(2008619,51),(2008625,51),(4009848,51),(4009948,51),(4009949,51),(4010134,51),(4010252,51),(4010253,51),(4010258,51),(4010274,51),(4010275,51),(4010288,51),(4010289,51),(4010291,51),(4011343,51),(4011416,51),(4011904,51),(4011912,51),(4012183,51),(4012227,51),(4012593,51),(4013226,51),(4013375,51),(8005831,51),(8005833,51),(8005834,51),(8005835,51),(8005845,51),(8005922,51),(8005924,51),(8005927,51),(8005946,51),(8005989,51),(8005995,51),(8005996,51),(8006074,51),(8006079,51),(8006082,51),(8006135,51),(8006136,51),(8006154,51),(8006155,51),(8006170,51),(8006171,51),(8006173,51),(8006183,51),(8006185,51),(8006186,51),(8006188,51),(8006190,51),(8006191,51),(8006206,51),(8006207,51),(8006210,51),(8006212,51),(8006221,51),(8006225,51),(8006228,51),(8006236,51),(8006247,51),(8006258,51),(8006261,51),(8006262,51),(8006274,51),(8006276,51),(8006278,51),(8006288,51),(8006289,51),(8006297,51),(8006455,51),(8006458,51),(8006459,51),(8006523,51),(8006525,51),(8006527,51),(8006541,51),(8006564,51),(8006625,51),(8006659,51),(8006662,51),(8006665,51),(8006668,51),(8006672,51),(8006688,51),(8006709,51),(8006713,51),(8006720,51),(8006727,51),(8006892,51),(8006895,51),(8006897,51),(8006898,51),(8006900,51),(8006902,51),(8006903,51),(8006907,51),(8006908,51),(8006938,51),(8006940,51),(8006985,51),(8007107,51),(8007108,51),(8007122,51),(8007128,51),(8007130,51),(8007141,51),(8007144,51),(8007195,51),(8007203,51),(8007211,51),(8007212,51),(8007215,51),(8007216,51),(8007218,51),(8007219,51),(8007222,51),(8007227,51),(8007228,51),(8007230,51),(8007275,51),(8007311,51),(8007313,51),(8007317,51),(8007351,51),(8007359,51),(8007390,51),(8007398,51),(8007399,51),(8007401,51),(8007402,51),(8007405,51),(8007406,51),(8007462,51),(8007496,51),(8007534,51),(8007556,51),(8007583,51),(8007596,51),(8007628,51),(8007630,51),(8007663,51),(8007740,51),(8007743,51),(8007751,51),(8007752,51),(8007756,51),(8007777,51),(8007790,51),(8007796,51),(8007810,51),(8007858,51),(8007903,51),(8007904,51),(8007909,51),(8007940,51),(8007969,51),(8007975,51),(8007977,51),(8007978,51),(8008001,51),(8008066,51),(8008069,51),(8008070,51),(8008072,51),(8008077,51),(8008106,51),(8008109,51),(8008113,51),(8008117,51),(8008119,51),(8008127,51),(8008131,51),(8008134,51),(8008192,51),(8008247,51),(8008289,51),(8008307,51),(8008308,51),(8008309,51),(8008320,51),(8008343,51),(8008533,51),(8008535,51),(8009226,51),(8010766,51),(8020033,51),(4013234,52),(4013306,52),(4013320,52),(4013675,52),(4014371,52),(8006728,52),(8007938,52),(4010247,53),(4010349,53),(4013172,53),(4013173,53),(8006269,53),(8006280,53),(8007088,53),(8007404,53),(8008291,53),(2002140,54),(2002142,54),(2002143,54),(2002146,54),(2002147,54),(2002163,54),(2002166,54),(2002167,54),(2002644,54),(2002649,54),(2002651,54),(4010229,54),(4010300,54),(4010301,54),(4013576,54),(8006077,54),(8006081,54),(8006209,54),(8006218,54),(8006226,54),(8006229,54),(8006230,54),(8006231,54),(8006232,54),(8006234,54),(8006235,54),(8006271,54),(8006273,54),(8006277,54),(8006460,54),(8006524,54),(8006526,54),(8006598,54),(8006618,54),(8006666,54),(8006764,54),(8006812,54),(8006893,54),(8006894,54),(8006984,54),(8007006,54),(8007089,54),(8007214,54),(8007217,54),(8007220,54),(8007223,54),(8007225,54),(8007226,54),(8007229,54),(8007252,54),(8007316,54),(8007318,54),(8007348,54),(8007376,54),(8007377,54),(8007378,54),(8007389,54),(8007392,54),(8007394,54),(8007407,54),(8007415,54),(8007416,54),(8007445,54),(8007447,54),(8007451,54),(8007620,54),(8007622,54),(8007785,54),(8007866,54),(8007870,54),(8007905,54),(8007906,54),(8007943,54),(8008014,54),(8008018,54),(8008019,54),(8008020,54),(8008021,54),(8008025,54),(8008026,54),(8008027,54),(8008031,54),(8008032,54),(8008035,54),(8008036,54),(8008037,54),(8008038,54),(8008039,54),(8008040,54),(8008043,54),(8008046,54),(8008047,54),(8008050,54),(8008051,54),(8008064,54),(8008075,54),(8008124,54),(8008126,54),(8008128,54),(8008266,54),(8008288,54),(8008339,54),(8008341,54),(8008349,54),(8010079,54),(8010773,54),(8019313,54),(8019325,54),(4013170,55),(4013171,55),(8006298,55),(8006642,55),(8007520,55),(8007553,55),(8007554,55),(8007555,55),(8007971,55),(8008317,55),(8019373,55),(1000792,56),(1000810,56),(1000816,56),(1001109,56),(1001110,56),(1001117,56),(1001118,56),(1001290,56),(1001295,56),(1001378,56),(2002152,56),(2002189,56),(2002192,56),(2002201,56),(2002202,56),(2002364,56),(2002420,56),(2002421,56),(2002643,56),(2002645,56),(2002868,56),(2003046,56),(2003047,56),(2003163,56),(4002442,56),(4010238,56),(4010259,56),(4013229,56),(4013240,56),(4013308,56),(4013365,56),(4013473,56),(4013507,56),(4013551,56),(4013700,56),(4013701,56),(4013799,56),(8005828,56),(8005838,56),(8005851,56),(8005858,56),(8005859,56),(8005860,56),(8005885,56),(8005886,56),(8005887,56),(8005889,56),(8005894,56),(8005923,56),(8005937,56),(8005944,56),(8006021,56),(8006022,56),(8006057,56),(8006064,56),(8006075,56),(8006076,56),(8006086,56),(8006134,56),(8006153,56),(8006174,56),(8006184,56),(8006208,56),(8006211,56),(8006213,56),(8006217,56),(8006257,56),(8006263,56),(8006275,56),(8006290,56),(8006305,56),(8006313,56),(8006355,56),(8006388,56),(8006395,56),(8006402,56),(8006411,56),(8006454,56),(8006457,56),(8006461,56),(8006463,56),(8006466,56),(8006529,56),(8006531,56),(8006537,56),(8006543,56),(8006568,56),(8006624,56),(8006660,56),(8006667,56),(8006704,56),(8006705,56),(8006706,56),(8006707,56),(8006708,56),(8006715,56),(8006717,56),(8006718,56),(8006746,56),(8006790,56),(8006901,56),(8006904,56),(8006910,56),(8006915,56),(8006951,56),(8006991,56),(8006993,56),(8007100,56),(8007106,56),(8007139,56),(8007213,56),(8007221,56),(8007253,56),(8007270,56),(8007312,56),(8007314,56),(8007323,56),(8007343,56),(8007344,56),(8007350,56),(8007356,56),(8007360,56),(8007361,56),(8007362,56),(8007363,56),(8007400,56),(8007444,56),(8007452,56),(8007519,56),(8007521,56),(8007548,56),(8007550,56),(8007582,56),(8007584,56),(8007619,56),(8007621,56),(8007623,56),(8007627,56),(8007629,56),(8007632,56),(8007636,56),(8007742,56),(8007757,56),(8007758,56),(8007765,56),(8007799,56),(8007811,56),(8007832,56),(8007841,56),(8007869,56),(8007877,56),(8007896,56),(8007897,56),(8007900,56),(8007939,56),(8007970,56),(8007972,56),(8007976,56),(8007979,56),(8007996,56),(8008000,56),(8008002,56),(8008007,56),(8008048,56),(8008053,56),(8008054,56),(8008055,56),(8008056,56),(8008059,56),(8008065,56),(8008071,56),(8008074,56),(8008076,56),(8008083,56),(8008105,56),(8008118,56),(8008123,56),(8008133,56),(8008179,56),(8008182,56),(8008191,56),(8008249,56),(8008287,56),(8008290,56),(8008292,56),(8008311,56),(8008312,56),(8008347,56),(8008362,56),(8008386,56),(8008398,56),(8008427,56),(8008437,56),(8008457,56),(8008569,56),(8009045,56),(8009293,56),(8009944,56),(8010085,56),(8011063,56),(8019321,56),(8019371,56),(8019376,56),(8020104,56),(8020107,56),(8020108,56),(1000835,57),(1000836,57),(1000910,57),(1001005,57),(1001007,57),(1001014,57),(1001016,57),(1001349,57),(1001669,57),(1001671,57),(1001673,57),(2002141,57),(2002144,57),(2002145,57),(2002148,57),(2002151,57),(2002155,57),(2002162,57),(2002193,57),(2002197,57),(2002342,57),(2002415,57),(2002416,57),(2002646,57),(2002647,57),(2002648,57),(2002650,57),(2002652,57),(2002653,57),(2002665,57),(2002737,57),(2002738,57),(2002785,57),(2003231,57),(2008619,57),(2008625,57),(4009848,57),(4009948,57),(4009949,57),(4010134,57),(4010252,57),(4010253,57),(4010258,57),(4010274,57),(4010275,57),(4010288,57),(4010289,57),(4010291,57),(4011343,57),(4011416,57),(4011904,57),(4011912,57),(4012183,57),(4012227,57),(4012593,57),(4013226,57),(4013375,57),(8005831,57),(8005833,57),(8005834,57),(8005835,57),(8005845,57),(8005922,57),(8005924,57),(8005927,57),(8005946,57),(8005950,57),(8005989,57),(8005995,57),(8005996,57),(8006074,57),(8006079,57),(8006082,57),(8006135,57),(8006136,57),(8006154,57),(8006155,57),(8006170,57),(8006171,57),(8006173,57),(8006183,57),(8006185,57),(8006186,57),(8006188,57),(8006190,57),(8006191,57),(8006206,57),(8006207,57),(8006210,57),(8006212,57),(8006221,57),(8006225,57),(8006228,57),(8006236,57),(8006247,57),(8006258,57),(8006261,57),(8006262,57),(8006274,57),(8006276,57),(8006278,57),(8006288,57),(8006289,57),(8006297,57),(8006455,57),(8006458,57),(8006459,57),(8006523,57),(8006525,57),(8006527,57),(8006541,57),(8006564,57),(8006625,57),(8006659,57),(8006662,57),(8006665,57),(8006668,57),(8006672,57),(8006688,57),(8006709,57),(8006713,57),(8006720,57),(8006727,57),(8006892,57),(8006895,57),(8006897,57),(8006898,57),(8006900,57),(8006902,57),(8006903,57),(8006907,57),(8006908,57),(8006938,57),(8006940,57),(8006985,57),(8007107,57),(8007108,57),(8007122,57),(8007128,57),(8007130,57),(8007141,57),(8007144,57),(8007195,57),(8007203,57),(8007211,57),(8007212,57),(8007215,57),(8007216,57),(8007218,57),(8007219,57),(8007222,57),(8007227,57),(8007228,57),(8007230,57),(8007275,57),(8007311,57),(8007313,57),(8007317,57),(8007351,57),(8007359,57),(8007390,57),(8007398,57),(8007399,57),(8007401,57),(8007402,57),(8007403,57),(8007405,57),(8007406,57),(8007462,57),(8007496,57),(8007534,57),(8007556,57),(8007583,57),(8007596,57),(8007628,57),(8007630,57),(8007663,57),(8007740,57),(8007743,57),(8007751,57),(8007752,57),(8007756,57),(8007777,57),(8007790,57),(8007796,57),(8007810,57),(8007858,57),(8007903,57),(8007904,57),(8007909,57),(8007940,57),(8007969,57),(8007975,57),(8007977,57),(8007978,57),(8008001,57),(8008066,57),(8008069,57),(8008070,57),(8008072,57),(8008077,57),(8008106,57),(8008109,57),(8008113,57),(8008117,57),(8008119,57),(8008127,57),(8008131,57),(8008134,57),(8008192,57),(8008247,57),(8008289,57),(8008305,57),(8008307,57),(8008308,57),(8008309,57),(8008320,57),(8008343,57),(8008533,57),(8008535,57),(8009226,57),(8010766,57),(8020033,57),(4013234,58),(4013306,58),(4013320,58),(4013675,58),(4014371,58),(8006728,58),(8007938,58),(4010247,59),(4010349,59),(4013172,59),(4013173,59),(8006269,59),(8006280,59),(8007088,59),(8007404,59),(8008291,59),(2002140,60),(2002142,60),(2002143,60),(2002146,60),(2002147,60),(2002163,60),(2002166,60),(2002167,60),(2002644,60),(2002649,60),(2002651,60),(4010229,60),(4010300,60),(4010301,60),(4013576,60),(8006077,60),(8006081,60),(8006209,60),(8006218,60),(8006226,60),(8006229,60),(8006230,60),(8006231,60),(8006232,60),(8006234,60),(8006235,60),(8006271,60),(8006273,60),(8006277,60),(8006460,60),(8006524,60),(8006526,60),(8006598,60),(8006618,60),(8006666,60),(8006764,60),(8006812,60),(8006893,60),(8006894,60),(8006984,60),(8007006,60),(8007089,60),(8007214,60),(8007217,60),(8007220,60),(8007223,60),(8007225,60),(8007226,60),(8007229,60),(8007252,60),(8007316,60),(8007318,60),(8007348,60),(8007376,60),(8007377,60),(8007378,60),(8007389,60),(8007392,60),(8007394,60),(8007407,60),(8007415,60),(8007416,60),(8007445,60),(8007447,60),(8007451,60),(8007620,60),(8007622,60),(8007785,60),(8007866,60),(8007870,60),(8007905,60),(8007906,60),(8007943,60),(8008014,60),(8008018,60),(8008019,60),(8008020,60),(8008021,60),(8008025,60),(8008026,60),(8008027,60),(8008031,60),(8008032,60),(8008035,60),(8008036,60),(8008037,60),(8008038,60),(8008039,60),(8008040,60),(8008043,60),(8008046,60),(8008047,60),(8008050,60),(8008051,60),(8008064,60),(8008075,60),(8008124,60),(8008126,60),(8008128,60),(8008266,60),(8008288,60),(8008339,60),(8008341,60),(8008349,60),(8010079,60),(8010773,60),(8019313,60),(8019325,60),(4013170,61),(4013171,61),(8006298,61),(8006642,61),(8007520,61),(8007553,61),(8007554,61),(8007555,61),(8007971,61),(8008317,61),(8019373,61),(1000792,62),(1000810,62),(1000816,62),(1001109,62),(1001110,62),(1001117,62),(1001118,62),(1001290,62),(1001295,62),(1001378,62),(2002152,62),(2002189,62),(2002192,62),(2002201,62),(2002202,62),(2002364,62),(2002420,62),(2002421,62),(2002643,62),(2002645,62),(2002868,62),(2003046,62),(2003047,62),(2003163,62),(4002442,62),(4010238,62),(4010259,62),(4013229,62),(4013240,62),(4013308,62),(4013365,62),(4013473,62),(4013507,62),(4013551,62),(4013700,62),(4013701,62),(4013799,62),(8005828,62),(8005838,62),(8005851,62),(8005858,62),(8005859,62),(8005860,62),(8005885,62),(8005886,62),(8005887,62),(8005889,62),(8005894,62),(8005923,62),(8005937,62),(8005944,62),(8006021,62),(8006022,62),(8006057,62),(8006064,62),(8006075,62),(8006076,62),(8006086,62),(8006134,62),(8006153,62),(8006174,62),(8006184,62),(8006208,62),(8006211,62),(8006213,62),(8006217,62),(8006257,62),(8006263,62),(8006275,62),(8006290,62),(8006305,62),(8006313,62),(8006355,62),(8006388,62),(8006395,62),(8006402,62),(8006411,62),(8006454,62),(8006457,62),(8006461,62),(8006463,62),(8006466,62),(8006529,62),(8006531,62),(8006537,62),(8006543,62),(8006568,62),(8006624,62),(8006660,62),(8006667,62),(8006704,62),(8006705,62),(8006706,62),(8006707,62),(8006708,62),(8006715,62),(8006717,62),(8006718,62),(8006746,62),(8006790,62),(8006901,62),(8006904,62),(8006910,62),(8006915,62),(8006951,62),(8006991,62),(8006993,62),(8007100,62),(8007106,62),(8007139,62),(8007213,62),(8007221,62),(8007253,62),(8007270,62),(8007312,62),(8007314,62),(8007323,62),(8007343,62),(8007344,62),(8007350,62),(8007356,62),(8007360,62),(8007361,62),(8007362,62),(8007363,62),(8007400,62),(8007444,62),(8007452,62),(8007519,62),(8007521,62),(8007548,62),(8007550,62),(8007582,62),(8007584,62),(8007619,62),(8007621,62),(8007623,62),(8007627,62),(8007629,62),(8007632,62),(8007636,62),(8007742,62),(8007757,62),(8007758,62),(8007765,62),(8007799,62),(8007811,62),(8007832,62),(8007841,62),(8007869,62),(8007877,62),(8007896,62),(8007897,62),(8007900,62),(8007939,62),(8007970,62),(8007972,62),(8007976,62),(8007979,62),(8007996,62),(8008000,62),(8008002,62),(8008007,62),(8008048,62),(8008053,62),(8008054,62),(8008055,62),(8008056,62),(8008059,62),(8008065,62),(8008071,62),(8008074,62),(8008076,62),(8008083,62),(8008105,62),(8008118,62),(8008123,62),(8008133,62),(8008179,62),(8008182,62),(8008191,62),(8008249,62),(8008287,62),(8008290,62),(8008292,62),(8008311,62),(8008312,62),(8008347,62),(8008362,62),(8008386,62),(8008398,62),(8008427,62),(8008437,62),(8008457,62),(8008569,62),(8009045,62),(8009293,62),(8009944,62),(8010085,62),(8011063,62),(8019321,62),(8019371,62),(8019376,62),(8020104,62),(8020107,62),(8020108,62),(1000835,63),(1000836,63),(1000910,63),(1001005,63),(1001007,63),(1001014,63),(1001016,63),(1001349,63),(1001669,63),(1001671,63),(1001673,63),(2002141,63),(2002144,63),(2002145,63),(2002148,63),(2002151,63),(2002155,63),(2002162,63),(2002193,63),(2002197,63),(2002342,63),(2002415,63),(2002416,63),(2002646,63),(2002647,63),(2002648,63),(2002650,63),(2002652,63),(2002653,63),(2002665,63),(2002737,63),(2002738,63),(2002785,63),(2003231,63),(2008619,63),(2008625,63),(4009848,63),(4009948,63),(4009949,63),(4010134,63),(4010252,63),(4010253,63),(4010258,63),(4010274,63),(4010275,63),(4010288,63),(4010289,63),(4010291,63),(4011343,63),(4011416,63),(4011904,63),(4011912,63),(4012183,63),(4012227,63),(4012593,63),(4013226,63),(4013375,63),(8005831,63),(8005833,63),(8005834,63),(8005835,63),(8005845,63),(8005922,63),(8005924,63),(8005927,63),(8005946,63),(8005950,63),(8005989,63),(8005995,63),(8005996,63),(8006074,63),(8006079,63),(8006082,63),(8006135,63),(8006136,63),(8006154,63),(8006155,63),(8006170,63),(8006171,63),(8006173,63),(8006183,63),(8006185,63),(8006186,63),(8006188,63),(8006190,63),(8006191,63),(8006206,63),(8006207,63),(8006210,63),(8006212,63),(8006221,63),(8006225,63),(8006228,63),(8006236,63),(8006247,63),(8006258,63),(8006261,63),(8006262,63),(8006274,63),(8006276,63),(8006278,63),(8006288,63),(8006289,63),(8006297,63),(8006455,63),(8006458,63),(8006459,63),(8006523,63),(8006525,63),(8006527,63),(8006541,63),(8006564,63),(8006625,63),(8006659,63),(8006662,63),(8006665,63),(8006668,63),(8006672,63),(8006688,63),(8006709,63),(8006713,63),(8006720,63),(8006727,63),(8006892,63),(8006895,63),(8006897,63),(8006898,63),(8006900,63),(8006902,63),(8006903,63),(8006907,63),(8006908,63),(8006938,63),(8006940,63),(8006985,63),(8007107,63),(8007108,63),(8007122,63),(8007128,63),(8007130,63),(8007141,63),(8007144,63),(8007195,63),(8007203,63),(8007211,63),(8007212,63),(8007215,63),(8007216,63),(8007218,63),(8007219,63),(8007222,63),(8007227,63),(8007228,63),(8007230,63),(8007275,63),(8007311,63),(8007313,63),(8007317,63),(8007351,63),(8007359,63),(8007390,63),(8007398,63),(8007399,63),(8007401,63),(8007402,63),(8007403,63),(8007405,63),(8007406,63),(8007462,63),(8007496,63),(8007534,63),(8007556,63),(8007583,63),(8007596,63),(8007628,63),(8007630,63),(8007663,63),(8007740,63),(8007743,63),(8007751,63),(8007752,63),(8007756,63),(8007777,63),(8007790,63),(8007796,63),(8007810,63),(8007858,63),(8007903,63),(8007904,63),(8007909,63),(8007940,63),(8007969,63),(8007975,63),(8007977,63),(8007978,63),(8008001,63),(8008066,63),(8008069,63),(8008070,63),(8008072,63),(8008077,63),(8008106,63),(8008109,63),(8008113,63),(8008117,63),(8008119,63),(8008127,63),(8008131,63),(8008134,63),(8008192,63),(8008247,63),(8008289,63),(8008305,63),(8008307,63),(8008308,63),(8008309,63),(8008320,63),(8008343,63),(8008533,63),(8008535,63),(8009226,63),(8010766,63),(8020033,63),(4013234,64),(4013306,64),(4013320,64),(4013675,64),(4014371,64),(8006728,64),(8007938,64),(4010247,65),(4010349,65),(4013172,65),(4013173,65),(8006269,65),(8006280,65),(8007088,65),(8007404,65),(8008291,65),(2002140,66),(2002142,66),(2002143,66),(2002146,66),(2002147,66),(2002163,66),(2002166,66),(2002167,66),(2002644,66),(2002649,66),(2002651,66),(4010229,66),(4010300,66),(4010301,66),(4013576,66),(8006077,66),(8006081,66),(8006209,66),(8006218,66),(8006226,66),(8006229,66),(8006230,66),(8006231,66),(8006232,66),(8006234,66),(8006235,66),(8006271,66),(8006273,66),(8006277,66),(8006460,66),(8006524,66),(8006526,66),(8006598,66),(8006618,66),(8006666,66),(8006764,66),(8006812,66),(8006893,66),(8006894,66),(8006984,66),(8007006,66),(8007089,66),(8007214,66),(8007217,66),(8007220,66),(8007223,66),(8007225,66),(8007226,66),(8007229,66),(8007252,66),(8007316,66),(8007318,66),(8007348,66),(8007376,66),(8007377,66),(8007378,66),(8007389,66),(8007392,66),(8007394,66),(8007407,66),(8007415,66),(8007416,66),(8007445,66),(8007447,66),(8007451,66),(8007620,66),(8007622,66),(8007785,66),(8007866,66),(8007870,66),(8007905,66),(8007906,66),(8007943,66),(8008014,66),(8008018,66),(8008019,66),(8008020,66),(8008021,66),(8008025,66),(8008026,66),(8008027,66),(8008031,66),(8008032,66),(8008035,66),(8008036,66),(8008037,66),(8008038,66),(8008039,66),(8008040,66),(8008043,66),(8008046,66),(8008047,66),(8008050,66),(8008051,66),(8008064,66),(8008075,66),(8008124,66),(8008126,66),(8008128,66),(8008266,66),(8008288,66),(8008339,66),(8008341,66),(8008349,66),(8010079,66),(8010773,66),(8019313,66),(8019325,66),(4013170,67),(4013171,67),(8006298,67),(8006642,67),(8007520,67),(8007553,67),(8007554,67),(8007555,67),(8007971,67),(8008317,67),(8019373,67),(1000792,68),(1000810,68),(1000816,68),(1001109,68),(1001110,68),(1001117,68),(1001118,68),(1001290,68),(1001295,68),(1001378,68),(2002152,68),(2002189,68),(2002192,68),(2002201,68),(2002202,68),(2002364,68),(2002420,68),(2002421,68),(2002643,68),(2002645,68),(2002868,68),(2003046,68),(2003047,68),(2003163,68),(4002442,68),(4010238,68),(4010259,68),(4013229,68),(4013240,68),(4013308,68),(4013365,68),(4013473,68),(4013507,68),(4013551,68),(4013700,68),(4013701,68),(4013799,68),(8005828,68),(8005838,68),(8005851,68),(8005858,68),(8005859,68),(8005860,68),(8005885,68),(8005886,68),(8005887,68),(8005889,68),(8005894,68),(8005923,68),(8005937,68),(8005944,68),(8006021,68),(8006022,68),(8006057,68),(8006064,68),(8006075,68),(8006076,68),(8006086,68),(8006134,68),(8006153,68),(8006174,68),(8006184,68),(8006208,68),(8006211,68),(8006213,68),(8006217,68),(8006257,68),(8006263,68),(8006275,68),(8006290,68),(8006305,68),(8006313,68),(8006355,68),(8006388,68),(8006395,68),(8006402,68),(8006411,68),(8006454,68),(8006457,68),(8006461,68),(8006463,68),(8006466,68),(8006529,68),(8006531,68),(8006537,68),(8006543,68),(8006568,68),(8006624,68),(8006660,68),(8006667,68),(8006704,68),(8006705,68),(8006706,68),(8006707,68),(8006708,68),(8006715,68),(8006717,68),(8006718,68),(8006746,68),(8006790,68),(8006901,68),(8006904,68),(8006910,68),(8006915,68),(8006951,68),(8006991,68),(8006993,68),(8007100,68),(8007106,68),(8007139,68),(8007213,68),(8007221,68),(8007253,68),(8007270,68),(8007312,68),(8007314,68),(8007323,68),(8007343,68),(8007344,68),(8007350,68),(8007356,68),(8007360,68),(8007361,68),(8007362,68),(8007363,68),(8007400,68),(8007444,68),(8007452,68),(8007519,68),(8007521,68),(8007548,68),(8007550,68),(8007582,68),(8007584,68),(8007619,68),(8007621,68),(8007623,68),(8007627,68),(8007629,68),(8007632,68),(8007636,68),(8007742,68),(8007757,68),(8007758,68),(8007765,68),(8007799,68),(8007811,68),(8007832,68),(8007841,68),(8007869,68),(8007877,68),(8007896,68),(8007897,68),(8007900,68),(8007939,68),(8007970,68),(8007972,68),(8007976,68),(8007979,68),(8007996,68),(8008000,68),(8008002,68),(8008007,68),(8008048,68),(8008053,68),(8008054,68),(8008055,68),(8008056,68),(8008059,68),(8008065,68),(8008071,68),(8008074,68),(8008076,68),(8008083,68),(8008105,68),(8008118,68),(8008123,68),(8008133,68),(8008179,68),(8008182,68),(8008191,68),(8008249,68),(8008287,68),(8008290,68),(8008292,68),(8008311,68),(8008312,68),(8008347,68),(8008362,68),(8008386,68),(8008398,68),(8008427,68),(8008437,68),(8008457,68),(8008569,68),(8009045,68),(8009293,68),(8009944,68),(8010085,68),(8011063,68),(8019321,68),(8019371,68),(8019376,68),(8020104,68),(8020107,68),(8020108,68),(1000835,69),(1000836,69),(1000910,69),(1001005,69),(1001007,69),(1001014,69),(1001016,69),(1001349,69),(1001669,69),(1001671,69),(1001673,69),(2002141,69),(2002144,69),(2002145,69),(2002148,69),(2002151,69),(2002155,69),(2002162,69),(2002193,69),(2002197,69),(2002342,69),(2002415,69),(2002416,69),(2002646,69),(2002647,69),(2002648,69),(2002650,69),(2002652,69),(2002653,69),(2002665,69),(2002737,69),(2002738,69),(2002785,69),(2003231,69),(2008619,69),(2008625,69),(4009848,69),(4009948,69),(4009949,69),(4010134,69),(4010252,69),(4010253,69),(4010258,69),(4010274,69),(4010275,69),(4010288,69),(4010289,69),(4010291,69),(4011343,69),(4011416,69),(4011904,69),(4011912,69),(4012183,69),(4012227,69),(4012593,69),(4013226,69),(4013375,69),(8005831,69),(8005833,69),(8005834,69),(8005835,69),(8005845,69),(8005922,69),(8005924,69),(8005927,69),(8005946,69),(8005950,69),(8005989,69),(8005995,69),(8005996,69),(8006074,69),(8006079,69),(8006082,69),(8006135,69),(8006136,69),(8006154,69),(8006155,69),(8006170,69),(8006171,69),(8006173,69),(8006183,69),(8006185,69),(8006186,69),(8006188,69),(8006190,69),(8006191,69),(8006206,69),(8006207,69),(8006210,69),(8006212,69),(8006221,69),(8006225,69),(8006228,69),(8006236,69),(8006247,69),(8006258,69),(8006261,69),(8006262,69),(8006274,69),(8006276,69),(8006278,69),(8006288,69),(8006289,69),(8006297,69),(8006455,69),(8006458,69),(8006459,69),(8006523,69),(8006525,69),(8006527,69),(8006541,69),(8006564,69),(8006625,69),(8006659,69),(8006662,69),(8006665,69),(8006668,69),(8006672,69),(8006688,69),(8006709,69),(8006713,69),(8006720,69),(8006727,69),(8006892,69),(8006895,69),(8006897,69),(8006898,69),(8006900,69),(8006902,69),(8006903,69),(8006907,69),(8006908,69),(8006938,69),(8006940,69),(8006985,69),(8007107,69),(8007108,69),(8007122,69),(8007128,69),(8007130,69),(8007141,69),(8007144,69),(8007195,69),(8007203,69),(8007211,69),(8007212,69),(8007215,69),(8007216,69),(8007218,69),(8007219,69),(8007222,69),(8007227,69),(8007228,69),(8007230,69),(8007275,69),(8007311,69),(8007313,69),(8007317,69),(8007351,69),(8007359,69),(8007390,69),(8007398,69),(8007399,69),(8007401,69),(8007402,69),(8007403,69),(8007405,69),(8007406,69),(8007462,69),(8007496,69),(8007534,69),(8007556,69),(8007583,69),(8007596,69),(8007628,69),(8007630,69),(8007663,69),(8007740,69),(8007743,69),(8007751,69),(8007752,69),(8007756,69),(8007777,69),(8007790,69),(8007796,69),(8007810,69),(8007858,69),(8007903,69),(8007904,69),(8007909,69),(8007940,69),(8007969,69),(8007975,69),(8007977,69),(8007978,69),(8008001,69),(8008066,69),(8008069,69),(8008070,69),(8008072,69),(8008077,69),(8008106,69),(8008109,69),(8008113,69),(8008117,69),(8008119,69),(8008127,69),(8008131,69),(8008134,69),(8008192,69),(8008247,69),(8008289,69),(8008305,69),(8008307,69),(8008308,69),(8008309,69),(8008320,69),(8008343,69),(8008533,69),(8008535,69),(8009226,69),(8010766,69),(8020033,69),(2002644,70),(2002649,70),(2002651,70),(4013306,70),(4013320,70),(4013675,70),(8006728,70),(8007938,70),(4010247,71),(8006269,71),(8006280,71),(8007088,71),(8007404,71),(8008291,71),(1000792,72),(1000810,72),(1000816,72),(1001109,72),(1001110,72),(1001117,72),(1001118,72),(1001290,72),(1001295,72),(1001378,72),(2002152,72),(2002163,72),(2002166,72),(2002167,72),(2002189,72),(2002192,72),(2002201,72),(2002202,72),(2002364,72),(2002420,72),(2002421,72),(2002643,72),(2002645,72),(2002868,72),(2003046,72),(2003047,72),(2003163,72),(4002442,72),(4010238,72),(4010259,72),(4010300,72),(4010301,72),(4013229,72),(4013234,72),(4013240,72),(4013308,72),(4013365,72),(4013473,72),(4013507,72),(4013551,72),(4013576,72),(4013700,72),(4013701,72),(4013799,72),(4014371,72),(8005828,72),(8005838,72),(8005858,72),(8005859,72),(8005860,72),(8005889,72),(8005894,72),(8005923,72),(8005937,72),(8005944,72),(8006021,72),(8006022,72),(8006064,72),(8006075,72),(8006076,72),(8006086,72),(8006134,72),(8006153,72),(8006174,72),(8006184,72),(8006208,72),(8006211,72),(8006213,72),(8006217,72),(8006257,72),(8006263,72),(8006275,72),(8006290,72),(8006298,72),(8006305,72),(8006313,72),(8006355,72),(8006388,72),(8006395,72),(8006402,72),(8006411,72),(8006454,72),(8006457,72),(8006461,72),(8006463,72),(8006466,72),(8006529,72),(8006531,72),(8006537,72),(8006543,72),(8006568,72),(8006624,72),(8006642,72),(8006660,72),(8006666,72),(8006667,72),(8006704,72),(8006705,72),(8006706,72),(8006707,72),(8006708,72),(8006715,72),(8006717,72),(8006718,72),(8006746,72),(8006790,72),(8006901,72),(8006904,72),(8006910,72),(8006915,72),(8006951,72),(8006991,72),(8006993,72),(8007100,72),(8007106,72),(8007139,72),(8007213,72),(8007221,72),(8007253,72),(8007270,72),(8007312,72),(8007314,72),(8007323,72),(8007343,72),(8007344,72),(8007350,72),(8007356,72),(8007360,72),(8007361,72),(8007362,72),(8007363,72),(8007400,72),(8007407,72),(8007444,72),(8007452,72),(8007519,72),(8007520,72),(8007521,72),(8007548,72),(8007550,72),(8007553,72),(8007554,72),(8007555,72),(8007582,72),(8007584,72),(8007619,72),(8007621,72),(8007622,72),(8007623,72),(8007627,72),(8007629,72),(8007632,72),(8007636,72),(8007742,72),(8007757,72),(8007758,72),(8007765,72),(8007799,72),(8007811,72),(8007832,72),(8007841,72),(8007869,72),(8007877,72),(8007896,72),(8007897,72),(8007900,72),(8007939,72),(8007970,72),(8007971,72),(8007972,72),(8007976,72),(8007979,72),(8007996,72),(8008000,72),(8008002,72),(8008007,72),(8008014,72),(8008018,72),(8008019,72),(8008020,72),(8008021,72),(8008025,72),(8008026,72),(8008027,72),(8008031,72),(8008032,72),(8008035,72),(8008036,72),(8008037,72),(8008038,72),(8008039,72),(8008040,72),(8008043,72),(8008046,72),(8008047,72),(8008048,72),(8008050,72),(8008051,72),(8008053,72),(8008054,72),(8008055,72),(8008056,72),(8008059,72),(8008065,72),(8008071,72),(8008074,72),(8008075,72),(8008076,72),(8008083,72),(8008105,72),(8008118,72),(8008123,72),(8008133,72),(8008179,72),(8008182,72),(8008191,72),(8008249,72),(8008287,72),(8008290,72),(8008292,72),(8008311,72),(8008312,72),(8008317,72),(8008347,72),(8008362,72),(8008386,72),(8008398,72),(8008427,72),(8008437,72),(8008457,72),(8008569,72),(8009045,72),(8009293,72),(8009944,72),(8010085,72),(8011063,72),(8019321,72),(8019371,72),(8019373,72),(8019376,72),(8020104,72),(8020107,72),(8020108,72),(2002140,73),(2002142,73),(2002143,73),(2002146,73),(2002147,73),(8005851,73),(8005885,73),(8005886,73),(8005887,73),(8006077,73),(8006081,73),(8006209,73),(8006218,73),(8006226,73),(8006229,73),(8006230,73),(8006231,73),(8006232,73),(8006234,73),(8006235,73),(8006271,73),(8006273,73),(8006277,73),(8006524,73),(8006526,73),(8006598,73),(8006618,73),(8006764,73),(8006812,73),(8006893,73),(8006894,73),(8006984,73),(8007006,73),(8007089,73),(8007214,73),(8007217,73),(8007220,73),(8007223,73),(8007225,73),(8007226,73),(8007229,73),(8007252,73),(8007316,73),(8007318,73),(8007348,73),(8007376,73),(8007377,73),(8007378,73),(8007389,73),(8007392,73),(8007394,73),(8007415,73),(8007416,73),(8007445,73),(8007447,73),(8007451,73),(8007620,73),(8007785,73),(8007866,73),(8007870,73),(8007905,73),(8007906,73),(8007943,73),(8008064,73),(8008124,73),(8008126,73),(8008128,73),(8008266,73),(8008288,73),(8008339,73),(8008341,73),(8008349,73),(8010079,73),(8010773,73),(8019313,73),(8019325,73),(1000835,74),(1000836,74),(1000910,74),(1001005,74),(1001007,74),(1001014,74),(1001016,74),(1001349,74),(1001669,74),(1001671,74),(1001673,74),(2002141,74),(2002144,74),(2002145,74),(2002148,74),(2002151,74),(2002155,74),(2002162,74),(2002193,74),(2002197,74),(2002342,74),(2002415,74),(2002416,74),(2002646,74),(2002647,74),(2002648,74),(2002650,74),(2002652,74),(2002653,74),(2002665,74),(2002737,74),(2002738,74),(2002785,74),(2003231,74),(2008619,74),(2008625,74),(4009848,74),(4009948,74),(4009949,74),(4010134,74),(4010229,74),(4010252,74),(4010253,74),(4010258,74),(4010274,74),(4010275,74),(4010288,74),(4010289,74),(4010291,74),(4010349,74),(4011343,74),(4011416,74),(4011904,74),(4011912,74),(4012183,74),(4012227,74),(4012593,74),(4013170,74),(4013171,74),(4013172,74),(4013173,74),(4013226,74),(4013375,74),(8005831,74),(8005833,74),(8005834,74),(8005835,74),(8005845,74),(8005922,74),(8005924,74),(8005927,74),(8005946,74),(8005950,74),(8005989,74),(8005995,74),(8005996,74),(8006057,74),(8006074,74),(8006079,74),(8006082,74),(8006135,74),(8006136,74),(8006154,74),(8006155,74),(8006170,74),(8006171,74),(8006173,74),(8006183,74),(8006185,74),(8006186,74),(8006188,74),(8006190,74),(8006191,74),(8006206,74),(8006207,74),(8006210,74),(8006212,74),(8006221,74),(8006225,74),(8006228,74),(8006236,74),(8006247,74),(8006258,74),(8006261,74),(8006262,74),(8006274,74),(8006276,74),(8006278,74),(8006288,74),(8006289,74),(8006297,74),(8006455,74),(8006458,74),(8006459,74),(8006460,74),(8006523,74),(8006525,74),(8006527,74),(8006541,74),(8006564,74),(8006625,74),(8006659,74),(8006662,74),(8006665,74),(8006668,74),(8006672,74),(8006688,74),(8006709,74),(8006713,74),(8006720,74),(8006727,74),(8006892,74),(8006895,74),(8006897,74),(8006898,74),(8006900,74),(8006902,74),(8006903,74),(8006907,74),(8006908,74),(8006938,74),(8006940,74),(8006985,74),(8007107,74),(8007108,74),(8007122,74),(8007128,74),(8007130,74),(8007141,74),(8007144,74),(8007195,74),(8007203,74),(8007211,74),(8007212,74),(8007215,74),(8007216,74),(8007218,74),(8007219,74),(8007222,74),(8007227,74),(8007228,74),(8007230,74),(8007275,74),(8007311,74),(8007313,74),(8007317,74),(8007351,74),(8007359,74),(8007390,74),(8007398,74),(8007399,74),(8007401,74),(8007402,74),(8007403,74),(8007405,74),(8007406,74),(8007462,74),(8007496,74),(8007534,74),(8007556,74),(8007583,74),(8007596,74),(8007628,74),(8007630,74),(8007663,74),(8007740,74),(8007743,74),(8007751,74),(8007752,74),(8007756,74),(8007777,74),(8007790,74),(8007796,74),(8007810,74),(8007858,74),(8007903,74),(8007904,74),(8007909,74),(8007940,74),(8007969,74),(8007975,74),(8007977,74),(8007978,74),(8008001,74),(8008066,74),(8008069,74),(8008070,74),(8008072,74),(8008077,74),(8008106,74),(8008109,74),(8008113,74),(8008117,74),(8008119,74),(8008127,74),(8008131,74),(8008134,74),(8008192,74),(8008247,74),(8008289,74),(8008305,74),(8008307,74),(8008308,74),(8008309,74),(8008320,74),(8008343,74),(8008533,74),(8008535,74),(8009226,74),(8010766,74),(8020033,74),(2002644,75),(2002649,75),(2002651,75),(4013306,75),(4013320,75),(4013675,75),(8006728,75),(8007938,75),(4010247,76),(8006269,76),(8006280,76),(8007088,76),(8007404,76),(8008291,76),(1000792,77),(1000810,77),(1000816,77),(1001109,77),(1001110,77),(1001117,77),(1001118,77),(1001290,77),(1001295,77),(1001378,77),(2002152,77),(2002163,77),(2002166,77),(2002167,77),(2002189,77),(2002192,77),(2002201,77),(2002202,77),(2002364,77),(2002420,77),(2002421,77),(2002643,77),(2002645,77),(2002868,77),(2003046,77),(2003047,77),(2003163,77),(4002442,77),(4010238,77),(4010259,77),(4010300,77),(4010301,77),(4013229,77),(4013234,77),(4013240,77),(4013308,77),(4013365,77),(4013473,77),(4013507,77),(4013551,77),(4013576,77),(4013700,77),(4013701,77),(4013799,77),(4014371,77),(8005828,77),(8005838,77),(8005858,77),(8005859,77),(8005860,77),(8005889,77),(8005894,77),(8005923,77),(8005937,77),(8005944,77),(8006021,77),(8006022,77),(8006064,77),(8006075,77),(8006076,77),(8006086,77),(8006134,77),(8006153,77),(8006174,77),(8006184,77),(8006208,77),(8006211,77),(8006213,77),(8006217,77),(8006257,77),(8006263,77),(8006275,77),(8006290,77),(8006298,77),(8006305,77),(8006313,77),(8006355,77),(8006388,77),(8006395,77),(8006402,77),(8006411,77),(8006454,77),(8006457,77),(8006461,77),(8006463,77),(8006466,77),(8006529,77),(8006531,77),(8006537,77),(8006543,77),(8006568,77),(8006624,77),(8006642,77),(8006660,77),(8006666,77),(8006667,77),(8006704,77),(8006705,77),(8006706,77),(8006707,77),(8006708,77),(8006715,77),(8006717,77),(8006718,77),(8006746,77),(8006790,77),(8006901,77),(8006904,77),(8006910,77),(8006915,77),(8006951,77),(8006991,77),(8006993,77),(8007100,77),(8007106,77),(8007139,77),(8007213,77),(8007221,77),(8007253,77),(8007270,77),(8007312,77),(8007314,77),(8007323,77),(8007343,77),(8007344,77),(8007350,77),(8007356,77),(8007360,77),(8007361,77),(8007362,77),(8007363,77),(8007400,77),(8007407,77),(8007444,77),(8007452,77),(8007519,77),(8007520,77),(8007521,77),(8007548,77),(8007550,77),(8007553,77),(8007554,77),(8007555,77),(8007582,77),(8007584,77),(8007619,77),(8007621,77),(8007622,77),(8007623,77),(8007627,77),(8007629,77),(8007632,77),(8007636,77),(8007742,77),(8007757,77),(8007758,77),(8007765,77),(8007799,77),(8007811,77),(8007832,77),(8007841,77),(8007869,77),(8007877,77),(8007896,77),(8007897,77),(8007900,77),(8007939,77),(8007970,77),(8007971,77),(8007972,77),(8007976,77),(8007979,77),(8007996,77),(8008000,77),(8008002,77),(8008007,77),(8008014,77),(8008018,77),(8008019,77),(8008020,77),(8008021,77),(8008025,77),(8008026,77),(8008027,77),(8008031,77),(8008032,77),(8008035,77),(8008036,77),(8008037,77),(8008038,77),(8008039,77),(8008040,77),(8008043,77),(8008046,77),(8008047,77),(8008048,77),(8008050,77),(8008051,77),(8008053,77),(8008054,77),(8008055,77),(8008056,77),(8008059,77),(8008065,77),(8008071,77),(8008074,77),(8008075,77),(8008076,77),(8008083,77),(8008105,77),(8008118,77),(8008123,77),(8008133,77),(8008179,77),(8008182,77),(8008191,77),(8008249,77),(8008287,77),(8008290,77),(8008292,77),(8008311,77),(8008312,77),(8008317,77),(8008347,77),(8008362,77),(8008386,77),(8008398,77),(8008427,77),(8008437,77),(8008457,77),(8008569,77),(8009045,77),(8009293,77),(8009944,77),(8010085,77),(8011063,77),(8019321,77),(8019371,77),(8019373,77),(8019376,77),(8020104,77),(8020107,77),(8020108,77),(2002140,78),(2002142,78),(2002143,78),(2002146,78),(2002147,78),(8005851,78),(8005885,78),(8005886,78),(8005887,78),(8006077,78),(8006081,78),(8006209,78),(8006218,78),(8006226,78),(8006229,78),(8006230,78),(8006231,78),(8006232,78),(8006234,78),(8006235,78),(8006271,78),(8006273,78),(8006277,78),(8006524,78),(8006526,78),(8006598,78),(8006618,78),(8006764,78),(8006812,78),(8006893,78),(8006894,78),(8006984,78),(8007006,78),(8007089,78),(8007214,78),(8007217,78),(8007220,78),(8007223,78),(8007225,78),(8007226,78),(8007229,78),(8007252,78),(8007316,78),(8007318,78),(8007348,78),(8007376,78),(8007377,78),(8007378,78),(8007389,78),(8007392,78),(8007394,78),(8007415,78),(8007416,78),(8007445,78),(8007447,78),(8007451,78),(8007620,78),(8007785,78),(8007866,78),(8007870,78),(8007905,78),(8007906,78),(8007943,78),(8008064,78),(8008124,78),(8008126,78),(8008128,78),(8008266,78),(8008288,78),(8008339,78),(8008341,78),(8008349,78),(8010079,78),(8010773,78),(8019313,78),(8019325,78),(1000835,79),(1000836,79),(1000910,79),(1001005,79),(1001007,79),(1001014,79),(1001016,79),(1001349,79),(1001669,79),(1001671,79),(1001673,79),(2002141,79),(2002144,79),(2002145,79),(2002148,79),(2002151,79),(2002155,79),(2002162,79),(2002193,79),(2002197,79),(2002342,79),(2002415,79),(2002416,79),(2002646,79),(2002647,79),(2002648,79),(2002650,79),(2002652,79),(2002653,79),(2002665,79),(2002737,79),(2002738,79),(2002785,79),(2003231,79),(2008619,79),(2008625,79),(4009848,79),(4009948,79),(4009949,79),(4010134,79),(4010229,79),(4010252,79),(4010253,79),(4010258,79),(4010274,79),(4010275,79),(4010288,79),(4010289,79),(4010291,79),(4010349,79),(4011343,79),(4011416,79),(4011904,79),(4011912,79),(4012183,79),(4012227,79),(4012593,79),(4013170,79),(4013171,79),(4013172,79),(4013173,79),(4013226,79),(4013375,79),(8005831,79),(8005833,79),(8005834,79),(8005835,79),(8005845,79),(8005922,79),(8005924,79),(8005927,79),(8005946,79),(8005950,79),(8005989,79),(8005995,79),(8005996,79),(8006057,79),(8006074,79),(8006079,79),(8006082,79),(8006135,79),(8006136,79),(8006154,79),(8006155,79),(8006170,79),(8006171,79),(8006173,79),(8006183,79),(8006185,79),(8006186,79),(8006188,79),(8006190,79),(8006191,79),(8006206,79),(8006207,79),(8006210,79),(8006212,79),(8006221,79),(8006225,79),(8006228,79),(8006236,79),(8006247,79),(8006258,79),(8006261,79),(8006262,79),(8006274,79),(8006276,79),(8006278,79),(8006288,79),(8006289,79),(8006297,79),(8006455,79),(8006458,79),(8006459,79),(8006460,79),(8006523,79),(8006525,79),(8006527,79),(8006541,79),(8006564,79),(8006625,79),(8006659,79),(8006662,79),(8006665,79),(8006668,79),(8006672,79),(8006688,79),(8006709,79),(8006713,79),(8006720,79),(8006727,79),(8006892,79),(8006895,79),(8006897,79),(8006898,79),(8006900,79),(8006902,79),(8006903,79),(8006907,79),(8006908,79),(8006938,79),(8006940,79),(8006985,79),(8007107,79),(8007108,79),(8007122,79),(8007128,79),(8007130,79),(8007141,79),(8007144,79),(8007195,79),(8007203,79),(8007211,79),(8007212,79),(8007215,79),(8007216,79),(8007218,79),(8007219,79),(8007222,79),(8007227,79),(8007228,79),(8007230,79),(8007275,79),(8007311,79),(8007313,79),(8007317,79),(8007351,79),(8007359,79),(8007390,79),(8007398,79),(8007399,79),(8007401,79),(8007402,79),(8007403,79),(8007405,79),(8007406,79),(8007462,79),(8007496,79),(8007534,79),(8007556,79),(8007583,79),(8007596,79),(8007628,79),(8007630,79),(8007663,79),(8007740,79),(8007743,79),(8007751,79),(8007752,79),(8007756,79),(8007777,79),(8007790,79),(8007796,79),(8007810,79),(8007858,79),(8007903,79),(8007904,79),(8007909,79),(8007940,79),(8007969,79),(8007975,79),(8007977,79),(8007978,79),(8008001,79),(8008066,79),(8008069,79),(8008070,79),(8008072,79),(8008077,79),(8008106,79),(8008109,79),(8008113,79),(8008117,79),(8008119,79),(8008127,79),(8008131,79),(8008134,79),(8008192,79),(8008247,79),(8008289,79),(8008305,79),(8008307,79),(8008308,79),(8008309,79),(8008320,79),(8008343,79),(8008533,79),(8008535,79),(8009226,79),(8010766,79),(8020033,79),(2002644,80),(2002649,80),(2002651,80),(4013306,80),(4013320,80),(4013675,80),(8006728,80),(8007938,80),(4010247,81),(8006269,81),(8006280,81),(8007088,81),(8007404,81),(8008291,81),(1000792,82),(1000810,82),(1000816,82),(1001109,82),(1001110,82),(1001117,82),(1001118,82),(1001290,82),(1001295,82),(1001378,82),(2002152,82),(2002163,82),(2002166,82),(2002167,82),(2002189,82),(2002192,82),(2002201,82),(2002202,82),(2002364,82),(2002420,82),(2002421,82),(2002643,82),(2002645,82),(2002868,82),(2003046,82),(2003047,82),(2003163,82),(4002442,82),(4010238,82),(4010259,82),(4010300,82),(4010301,82),(4013229,82),(4013234,82),(4013240,82),(4013308,82),(4013365,82),(4013473,82),(4013507,82),(4013551,82),(4013576,82),(4013700,82),(4013701,82),(4013799,82),(4014371,82),(8005828,82),(8005838,82),(8005858,82),(8005859,82),(8005860,82),(8005889,82),(8005894,82),(8005923,82),(8005937,82),(8005944,82),(8006021,82),(8006022,82),(8006064,82),(8006075,82),(8006076,82),(8006086,82),(8006134,82),(8006153,82),(8006174,82),(8006184,82),(8006208,82),(8006211,82),(8006213,82),(8006217,82),(8006257,82),(8006263,82),(8006275,82),(8006290,82),(8006298,82),(8006305,82),(8006313,82),(8006355,82),(8006388,82),(8006395,82),(8006402,82),(8006411,82),(8006454,82),(8006457,82),(8006461,82),(8006463,82),(8006466,82),(8006529,82),(8006531,82),(8006537,82),(8006543,82),(8006568,82),(8006624,82),(8006642,82),(8006660,82),(8006666,82),(8006667,82),(8006704,82),(8006705,82),(8006706,82),(8006707,82),(8006708,82),(8006715,82),(8006717,82),(8006718,82),(8006746,82),(8006790,82),(8006901,82),(8006904,82),(8006910,82),(8006915,82),(8006951,82),(8006991,82),(8006993,82),(8007100,82),(8007106,82),(8007139,82),(8007213,82),(8007221,82),(8007253,82),(8007270,82),(8007312,82),(8007314,82),(8007323,82),(8007343,82),(8007344,82),(8007350,82),(8007356,82),(8007360,82),(8007361,82),(8007362,82),(8007363,82),(8007400,82),(8007407,82),(8007444,82),(8007452,82),(8007519,82),(8007520,82),(8007521,82),(8007548,82),(8007550,82),(8007553,82),(8007554,82),(8007555,82),(8007582,82),(8007584,82),(8007619,82),(8007621,82),(8007622,82),(8007623,82),(8007627,82),(8007629,82),(8007632,82),(8007636,82),(8007742,82),(8007757,82),(8007758,82),(8007765,82),(8007799,82),(8007811,82),(8007832,82),(8007841,82),(8007869,82),(8007877,82),(8007896,82),(8007897,82),(8007900,82),(8007939,82),(8007970,82),(8007971,82),(8007972,82),(8007976,82),(8007979,82),(8007996,82),(8008000,82),(8008002,82),(8008007,82),(8008014,82),(8008018,82),(8008019,82),(8008020,82),(8008021,82),(8008025,82),(8008026,82),(8008027,82),(8008031,82),(8008032,82),(8008035,82),(8008036,82),(8008037,82),(8008038,82),(8008039,82),(8008040,82),(8008043,82),(8008046,82),(8008047,82),(8008048,82),(8008050,82),(8008051,82),(8008053,82),(8008054,82),(8008055,82),(8008056,82),(8008059,82),(8008065,82),(8008071,82),(8008074,82),(8008075,82),(8008076,82),(8008083,82),(8008105,82),(8008118,82),(8008123,82),(8008133,82),(8008179,82),(8008182,82),(8008191,82),(8008249,82),(8008287,82),(8008290,82),(8008292,82),(8008311,82),(8008312,82),(8008317,82),(8008347,82),(8008362,82),(8008386,82),(8008398,82),(8008427,82),(8008437,82),(8008457,82),(8008569,82),(8009045,82),(8009293,82),(8009944,82),(8010085,82),(8011063,82),(8019321,82),(8019371,82),(8019373,82),(8019376,82),(8020104,82),(8020107,82),(8020108,82),(2002140,83),(2002142,83),(2002143,83),(2002146,83),(2002147,83),(8005851,83),(8005885,83),(8005886,83),(8005887,83),(8006077,83),(8006081,83),(8006209,83),(8006218,83),(8006226,83),(8006229,83),(8006230,83),(8006231,83),(8006232,83),(8006234,83),(8006235,83),(8006271,83),(8006273,83),(8006277,83),(8006524,83),(8006526,83),(8006598,83),(8006618,83),(8006764,83),(8006812,83),(8006893,83),(8006894,83),(8006984,83),(8007006,83),(8007089,83),(8007214,83),(8007217,83),(8007220,83),(8007223,83),(8007225,83),(8007226,83),(8007229,83),(8007252,83),(8007316,83),(8007318,83),(8007348,83),(8007376,83),(8007377,83),(8007378,83),(8007389,83),(8007392,83),(8007394,83),(8007415,83),(8007416,83),(8007445,83),(8007447,83),(8007451,83),(8007620,83),(8007785,83),(8007866,83),(8007870,83),(8007905,83),(8007906,83),(8007943,83),(8008064,83),(8008124,83),(8008126,83),(8008128,83),(8008266,83),(8008288,83),(8008339,83),(8008341,83),(8008349,83),(8010079,83),(8010773,83),(8019313,83),(8019325,83),(1000835,84),(1000836,84),(1000910,84),(1001005,84),(1001007,84),(1001014,84),(1001016,84),(1001349,84),(1001669,84),(1001671,84),(1001673,84),(2002141,84),(2002144,84),(2002145,84),(2002148,84),(2002151,84),(2002155,84),(2002162,84),(2002193,84),(2002197,84),(2002342,84),(2002415,84),(2002416,84),(2002646,84),(2002647,84),(2002648,84),(2002650,84),(2002652,84),(2002653,84),(2002665,84),(2002737,84),(2002738,84),(2002785,84),(2003231,84),(2008619,84),(2008625,84),(4009848,84),(4009948,84),(4009949,84),(4010134,84),(4010229,84),(4010252,84),(4010253,84),(4010258,84),(4010274,84),(4010275,84),(4010288,84),(4010289,84),(4010291,84),(4010349,84),(4011343,84),(4011416,84),(4011904,84),(4011912,84),(4012183,84),(4012227,84),(4012593,84),(4013170,84),(4013171,84),(4013172,84),(4013173,84),(4013226,84),(4013375,84),(8005831,84),(8005833,84),(8005834,84),(8005835,84),(8005845,84),(8005922,84),(8005924,84),(8005927,84),(8005946,84),(8005950,84),(8005989,84),(8005995,84),(8005996,84),(8006057,84),(8006074,84),(8006079,84),(8006082,84),(8006135,84),(8006136,84),(8006154,84),(8006155,84),(8006170,84),(8006171,84),(8006173,84),(8006183,84),(8006185,84),(8006186,84),(8006188,84),(8006190,84),(8006191,84),(8006206,84),(8006207,84),(8006210,84),(8006212,84),(8006221,84),(8006225,84),(8006228,84),(8006236,84),(8006247,84),(8006258,84),(8006261,84),(8006262,84),(8006274,84),(8006276,84),(8006278,84),(8006288,84),(8006289,84),(8006297,84),(8006455,84),(8006458,84),(8006459,84),(8006460,84),(8006523,84),(8006525,84),(8006527,84),(8006541,84),(8006564,84),(8006625,84),(8006659,84),(8006662,84),(8006665,84),(8006668,84),(8006672,84),(8006688,84),(8006709,84),(8006713,84),(8006720,84),(8006727,84),(8006892,84),(8006895,84),(8006897,84),(8006898,84),(8006900,84),(8006902,84),(8006903,84),(8006907,84),(8006908,84),(8006938,84),(8006940,84),(8006985,84),(8007107,84),(8007108,84),(8007122,84),(8007128,84),(8007130,84),(8007141,84),(8007144,84),(8007195,84),(8007203,84),(8007211,84),(8007212,84),(8007215,84),(8007216,84),(8007218,84),(8007219,84),(8007222,84),(8007227,84),(8007228,84),(8007230,84),(8007275,84),(8007311,84),(8007313,84),(8007317,84),(8007351,84),(8007359,84),(8007390,84),(8007398,84),(8007399,84),(8007401,84),(8007402,84),(8007403,84),(8007405,84),(8007406,84),(8007462,84),(8007496,84),(8007534,84),(8007556,84),(8007583,84),(8007596,84),(8007628,84),(8007630,84),(8007663,84),(8007740,84),(8007743,84),(8007751,84),(8007752,84),(8007756,84),(8007777,84),(8007790,84),(8007796,84),(8007810,84),(8007858,84),(8007903,84),(8007904,84),(8007909,84),(8007940,84),(8007969,84),(8007975,84),(8007977,84),(8007978,84),(8008001,84),(8008066,84),(8008069,84),(8008070,84),(8008072,84),(8008077,84),(8008106,84),(8008109,84),(8008113,84),(8008117,84),(8008119,84),(8008127,84),(8008131,84),(8008134,84),(8008192,84),(8008247,84),(8008289,84),(8008305,84),(8008307,84),(8008308,84),(8008309,84),(8008320,84),(8008343,84),(8008533,84),(8008535,84),(8009226,84),(8010766,84),(8020033,84),(2002644,85),(2002649,85),(2002651,85),(4013306,85),(4013320,85),(4013675,85),(8006728,85),(8007938,85),(4010247,86),(8006269,86),(8006280,86),(8007088,86),(8007404,86),(8008291,86),(1000792,87),(1000810,87),(1000816,87),(1001109,87),(1001110,87),(1001117,87),(1001118,87),(1001290,87),(1001295,87),(1001378,87),(2002152,87),(2002163,87),(2002166,87),(2002167,87),(2002189,87),(2002192,87),(2002201,87),(2002202,87),(2002364,87),(2002420,87),(2002421,87),(2002643,87),(2002645,87),(2002868,87),(2003046,87),(2003047,87),(2003163,87),(4002442,87),(4010238,87),(4010259,87),(4010300,87),(4010301,87),(4013229,87),(4013234,87),(4013240,87),(4013308,87),(4013365,87),(4013473,87),(4013507,87),(4013551,87),(4013576,87),(4013700,87),(4013701,87),(4013799,87),(4014371,87),(8005828,87),(8005838,87),(8005858,87),(8005859,87),(8005860,87),(8005889,87),(8005894,87),(8005923,87),(8005937,87),(8005944,87),(8006021,87),(8006022,87),(8006064,87),(8006075,87),(8006076,87),(8006086,87),(8006134,87),(8006153,87),(8006174,87),(8006184,87),(8006208,87),(8006211,87),(8006213,87),(8006217,87),(8006257,87),(8006263,87),(8006275,87),(8006290,87),(8006298,87),(8006305,87),(8006313,87),(8006355,87),(8006388,87),(8006395,87),(8006402,87),(8006411,87),(8006454,87),(8006457,87),(8006461,87),(8006463,87),(8006466,87),(8006529,87),(8006531,87),(8006537,87),(8006543,87),(8006568,87),(8006624,87),(8006642,87),(8006660,87),(8006666,87),(8006667,87),(8006704,87),(8006705,87),(8006706,87),(8006707,87),(8006708,87),(8006715,87),(8006717,87),(8006718,87),(8006746,87),(8006790,87),(8006901,87),(8006904,87),(8006910,87),(8006915,87),(8006951,87),(8006991,87),(8006993,87),(8007100,87),(8007106,87),(8007139,87),(8007213,87),(8007221,87),(8007253,87),(8007270,87),(8007312,87),(8007314,87),(8007323,87),(8007343,87),(8007344,87),(8007350,87),(8007356,87),(8007360,87),(8007361,87),(8007362,87),(8007363,87),(8007400,87),(8007407,87),(8007444,87),(8007452,87),(8007519,87),(8007520,87),(8007521,87),(8007548,87),(8007550,87),(8007553,87),(8007554,87),(8007555,87),(8007582,87),(8007584,87),(8007619,87),(8007621,87),(8007622,87),(8007623,87),(8007627,87),(8007629,87),(8007632,87),(8007636,87),(8007742,87),(8007757,87),(8007758,87),(8007765,87),(8007799,87),(8007811,87),(8007832,87),(8007841,87),(8007869,87),(8007877,87),(8007896,87),(8007897,87),(8007900,87),(8007939,87),(8007970,87),(8007971,87),(8007972,87),(8007976,87),(8007979,87),(8007996,87),(8008000,87),(8008002,87),(8008007,87),(8008014,87),(8008018,87),(8008019,87),(8008020,87),(8008021,87),(8008025,87),(8008026,87),(8008027,87),(8008031,87),(8008032,87),(8008035,87),(8008036,87),(8008037,87),(8008038,87),(8008039,87),(8008040,87),(8008043,87),(8008046,87),(8008047,87),(8008048,87),(8008050,87),(8008051,87),(8008053,87),(8008054,87),(8008055,87),(8008056,87),(8008059,87),(8008065,87),(8008071,87),(8008074,87),(8008075,87),(8008076,87),(8008083,87),(8008105,87),(8008118,87),(8008123,87),(8008133,87),(8008179,87),(8008182,87),(8008191,87),(8008249,87),(8008287,87),(8008290,87),(8008292,87),(8008311,87),(8008312,87),(8008317,87),(8008347,87),(8008362,87),(8008386,87),(8008398,87),(8008427,87),(8008437,87),(8008457,87),(8008569,87),(8009045,87),(8009293,87),(8009944,87),(8010085,87),(8011063,87),(8019321,87),(8019371,87),(8019373,87),(8019376,87),(8020104,87),(8020107,87),(8020108,87),(2002140,88),(2002142,88),(2002143,88),(2002146,88),(2002147,88),(8005851,88),(8005885,88),(8005886,88),(8005887,88),(8006077,88),(8006081,88),(8006209,88),(8006218,88),(8006226,88),(8006229,88),(8006230,88),(8006231,88),(8006232,88),(8006234,88),(8006235,88),(8006271,88),(8006273,88),(8006277,88),(8006524,88),(8006526,88),(8006598,88),(8006618,88),(8006764,88),(8006812,88),(8006893,88),(8006894,88),(8006984,88),(8007006,88),(8007089,88),(8007214,88),(8007217,88),(8007220,88),(8007223,88),(8007225,88),(8007226,88),(8007229,88),(8007252,88),(8007316,88),(8007318,88),(8007348,88),(8007376,88),(8007377,88),(8007378,88),(8007389,88),(8007392,88),(8007394,88),(8007415,88),(8007416,88),(8007445,88),(8007447,88),(8007451,88),(8007620,88),(8007785,88),(8007866,88),(8007870,88),(8007905,88),(8007906,88),(8007943,88),(8008064,88),(8008124,88),(8008126,88),(8008128,88),(8008266,88),(8008288,88),(8008339,88),(8008341,88),(8008349,88),(8010079,88),(8010773,88),(8019313,88),(8019325,88),(1000835,89),(1000836,89),(1000910,89),(1001005,89),(1001007,89),(1001014,89),(1001016,89),(1001349,89),(1001669,89),(1001671,89),(1001673,89),(2002141,89),(2002144,89),(2002145,89),(2002148,89),(2002151,89),(2002155,89),(2002162,89),(2002193,89),(2002197,89),(2002342,89),(2002415,89),(2002416,89),(2002646,89),(2002647,89),(2002648,89),(2002650,89),(2002652,89),(2002653,89),(2002665,89),(2002737,89),(2002738,89),(2002785,89),(2003231,89),(2008619,89),(2008625,89),(4009848,89),(4009948,89),(4009949,89),(4010134,89),(4010229,89),(4010252,89),(4010253,89),(4010258,89),(4010274,89),(4010275,89),(4010288,89),(4010289,89),(4010291,89),(4010349,89),(4011343,89),(4011416,89),(4011904,89),(4011912,89),(4012183,89),(4012227,89),(4012593,89),(4013170,89),(4013171,89),(4013172,89),(4013173,89),(4013226,89),(4013375,89),(8005831,89),(8005833,89),(8005834,89),(8005835,89),(8005845,89),(8005922,89),(8005924,89),(8005927,89),(8005946,89),(8005950,89),(8005989,89),(8005995,89),(8005996,89),(8006057,89),(8006074,89),(8006079,89),(8006082,89),(8006135,89),(8006136,89),(8006154,89),(8006155,89),(8006170,89),(8006171,89),(8006173,89),(8006183,89),(8006185,89),(8006186,89),(8006188,89),(8006190,89),(8006191,89),(8006206,89),(8006207,89),(8006210,89),(8006212,89),(8006221,89),(8006225,89),(8006228,89),(8006236,89),(8006247,89),(8006258,89),(8006261,89),(8006262,89),(8006274,89),(8006276,89),(8006278,89),(8006288,89),(8006289,89),(8006297,89),(8006455,89),(8006458,89),(8006459,89),(8006460,89),(8006523,89),(8006525,89),(8006527,89),(8006541,89),(8006564,89),(8006625,89),(8006659,89),(8006662,89),(8006665,89),(8006668,89),(8006672,89),(8006688,89),(8006709,89),(8006713,89),(8006720,89),(8006727,89),(8006892,89),(8006895,89),(8006897,89),(8006898,89),(8006900,89),(8006902,89),(8006903,89),(8006907,89),(8006908,89),(8006938,89),(8006940,89),(8006985,89),(8007107,89),(8007108,89),(8007122,89),(8007128,89),(8007130,89),(8007141,89),(8007144,89),(8007195,89),(8007203,89),(8007211,89),(8007212,89),(8007215,89),(8007216,89),(8007218,89),(8007219,89),(8007222,89),(8007227,89),(8007228,89),(8007230,89),(8007275,89),(8007311,89),(8007313,89),(8007317,89),(8007351,89),(8007359,89),(8007390,89),(8007398,89),(8007399,89),(8007401,89),(8007402,89),(8007403,89),(8007405,89),(8007406,89),(8007462,89),(8007496,89),(8007534,89),(8007556,89),(8007583,89),(8007596,89),(8007628,89),(8007630,89),(8007663,89),(8007740,89),(8007743,89),(8007751,89),(8007752,89),(8007756,89),(8007777,89),(8007790,89),(8007796,89),(8007810,89),(8007858,89),(8007903,89),(8007904,89),(8007909,89),(8007940,89),(8007969,89),(8007975,89),(8007977,89),(8007978,89),(8008001,89),(8008066,89),(8008069,89),(8008070,89),(8008072,89),(8008077,89),(8008106,89),(8008109,89),(8008113,89),(8008117,89),(8008119,89),(8008127,89),(8008131,89),(8008134,89),(8008192,89),(8008247,89),(8008289,89),(8008305,89),(8008307,89),(8008308,89),(8008309,89),(8008320,89),(8008343,89),(8008533,89),(8008535,89),(8009226,89),(8010766,89),(8020033,89),(2002644,90),(2002649,90),(2002651,90),(4013306,90),(4013320,90),(4013675,90),(8006728,90),(8007938,90),(4010247,91),(8006269,91),(8006280,91),(8007088,91),(8007404,91),(8008291,91),(1000792,92),(1000810,92),(1000816,92),(1001109,92),(1001110,92),(1001117,92),(1001118,92),(1001290,92),(1001295,92),(1001378,92),(2002152,92),(2002163,92),(2002166,92),(2002167,92),(2002189,92),(2002192,92),(2002201,92),(2002202,92),(2002364,92),(2002420,92),(2002421,92),(2002643,92),(2002645,92),(2002868,92),(2003046,92),(2003047,92),(2003163,92),(4002442,92),(4010238,92),(4010259,92),(4010300,92),(4010301,92),(4013229,92),(4013234,92),(4013240,92),(4013308,92),(4013365,92),(4013473,92),(4013507,92),(4013551,92),(4013576,92),(4013700,92),(4013701,92),(4013799,92),(4014371,92),(8005828,92),(8005838,92),(8005858,92),(8005859,92),(8005860,92),(8005889,92),(8005894,92),(8005923,92),(8005937,92),(8005944,92),(8006021,92),(8006022,92),(8006064,92),(8006075,92),(8006076,92),(8006086,92),(8006134,92),(8006153,92),(8006174,92),(8006184,92),(8006208,92),(8006211,92),(8006213,92),(8006217,92),(8006257,92),(8006263,92),(8006275,92),(8006290,92),(8006298,92),(8006305,92),(8006313,92),(8006355,92),(8006388,92),(8006395,92),(8006402,92),(8006411,92),(8006454,92),(8006457,92),(8006461,92),(8006463,92),(8006466,92),(8006529,92),(8006531,92),(8006537,92),(8006543,92),(8006568,92),(8006624,92),(8006642,92),(8006660,92),(8006666,92),(8006667,92),(8006704,92),(8006705,92),(8006706,92),(8006707,92),(8006708,92),(8006715,92),(8006717,92),(8006718,92),(8006746,92),(8006790,92),(8006901,92),(8006904,92),(8006910,92),(8006915,92),(8006951,92),(8006991,92),(8006993,92),(8007100,92),(8007106,92),(8007139,92),(8007213,92),(8007221,92),(8007253,92),(8007270,92),(8007312,92),(8007314,92),(8007323,92),(8007343,92),(8007344,92),(8007350,92),(8007356,92),(8007360,92),(8007361,92),(8007362,92),(8007363,92),(8007400,92),(8007407,92),(8007444,92),(8007452,92),(8007519,92),(8007520,92),(8007521,92),(8007548,92),(8007550,92),(8007553,92),(8007554,92),(8007555,92),(8007582,92),(8007584,92),(8007619,92),(8007621,92),(8007622,92),(8007623,92),(8007627,92),(8007629,92),(8007632,92),(8007636,92),(8007742,92),(8007757,92),(8007758,92),(8007765,92),(8007799,92),(8007811,92),(8007832,92),(8007841,92),(8007869,92),(8007877,92),(8007896,92),(8007897,92),(8007900,92),(8007939,92),(8007970,92),(8007971,92),(8007972,92),(8007976,92),(8007979,92),(8007996,92),(8008000,92),(8008002,92),(8008007,92),(8008014,92),(8008018,92),(8008019,92),(8008020,92),(8008021,92),(8008025,92),(8008026,92),(8008027,92),(8008031,92),(8008032,92),(8008035,92),(8008036,92),(8008037,92),(8008038,92),(8008039,92),(8008040,92),(8008043,92),(8008046,92),(8008047,92),(8008048,92),(8008050,92),(8008051,92),(8008053,92),(8008054,92),(8008055,92),(8008056,92),(8008059,92),(8008065,92),(8008071,92),(8008074,92),(8008075,92),(8008076,92),(8008083,92),(8008105,92),(8008118,92),(8008123,92),(8008133,92),(8008179,92),(8008182,92),(8008191,92),(8008249,92),(8008287,92),(8008290,92),(8008292,92),(8008311,92),(8008312,92),(8008317,92),(8008347,92),(8008362,92),(8008386,92),(8008398,92),(8008427,92),(8008437,92),(8008457,92),(8008569,92),(8009045,92),(8009293,92),(8009944,92),(8010085,92),(8011063,92),(8019321,92),(8019371,92),(8019373,92),(8019376,92),(8020104,92),(8020107,92),(8020108,92),(2002140,93),(2002142,93),(2002143,93),(2002146,93),(2002147,93),(8005851,93),(8005885,93),(8005886,93),(8005887,93),(8006077,93),(8006081,93),(8006209,93),(8006218,93),(8006226,93),(8006229,93),(8006230,93),(8006231,93),(8006232,93),(8006234,93),(8006235,93),(8006271,93),(8006273,93),(8006277,93),(8006524,93),(8006526,93),(8006598,93),(8006618,93),(8006764,93),(8006812,93),(8006893,93),(8006894,93),(8006984,93),(8007006,93),(8007089,93),(8007214,93),(8007217,93),(8007220,93),(8007223,93),(8007225,93),(8007226,93),(8007229,93),(8007252,93),(8007316,93),(8007318,93),(8007348,93),(8007376,93),(8007377,93),(8007378,93),(8007389,93),(8007392,93),(8007394,93),(8007415,93),(8007416,93),(8007445,93),(8007447,93),(8007451,93),(8007620,93),(8007785,93),(8007866,93),(8007870,93),(8007905,93),(8007906,93),(8007943,93),(8008064,93),(8008124,93),(8008126,93),(8008128,93),(8008266,93),(8008288,93),(8008339,93),(8008341,93),(8008349,93),(8010079,93),(8010773,93),(8019313,93),(8019325,93),(1000835,94),(1000836,94),(1000910,94),(1001005,94),(1001007,94),(1001014,94),(1001016,94),(1001349,94),(1001669,94),(1001671,94),(1001673,94),(2002141,94),(2002144,94),(2002145,94),(2002148,94),(2002151,94),(2002155,94),(2002162,94),(2002193,94),(2002197,94),(2002342,94),(2002415,94),(2002416,94),(2002646,94),(2002647,94),(2002648,94),(2002650,94),(2002652,94),(2002653,94),(2002665,94),(2002737,94),(2002738,94),(2002785,94),(2003231,94),(2008619,94),(2008625,94),(4009848,94),(4009948,94),(4009949,94),(4010134,94),(4010229,94),(4010252,94),(4010253,94),(4010258,94),(4010274,94),(4010275,94),(4010288,94),(4010289,94),(4010291,94),(4010349,94),(4011343,94),(4011416,94),(4011904,94),(4011912,94),(4012183,94),(4012227,94),(4012593,94),(4013170,94),(4013171,94),(4013172,94),(4013173,94),(4013226,94),(4013375,94),(8005831,94),(8005833,94),(8005834,94),(8005835,94),(8005845,94),(8005922,94),(8005924,94),(8005927,94),(8005946,94),(8005950,94),(8005989,94),(8005995,94),(8005996,94),(8006057,94),(8006074,94),(8006079,94),(8006082,94),(8006135,94),(8006136,94),(8006154,94),(8006155,94),(8006170,94),(8006171,94),(8006173,94),(8006183,94),(8006185,94),(8006186,94),(8006188,94),(8006190,94),(8006191,94),(8006206,94),(8006207,94),(8006210,94),(8006212,94),(8006221,94),(8006225,94),(8006228,94),(8006236,94),(8006247,94),(8006258,94),(8006261,94),(8006262,94),(8006274,94),(8006276,94),(8006278,94),(8006288,94),(8006289,94),(8006297,94),(8006455,94),(8006458,94),(8006459,94),(8006460,94),(8006523,94),(8006525,94),(8006527,94),(8006541,94),(8006564,94),(8006625,94),(8006659,94),(8006662,94),(8006665,94),(8006668,94),(8006672,94),(8006688,94),(8006709,94),(8006713,94),(8006720,94),(8006727,94),(8006892,94),(8006895,94),(8006897,94),(8006898,94),(8006900,94),(8006902,94),(8006903,94),(8006907,94),(8006908,94),(8006938,94),(8006940,94),(8006985,94),(8007107,94),(8007108,94),(8007122,94),(8007128,94),(8007130,94),(8007141,94),(8007144,94),(8007195,94),(8007203,94),(8007211,94),(8007212,94),(8007215,94),(8007216,94),(8007218,94),(8007219,94),(8007222,94),(8007227,94),(8007228,94),(8007230,94),(8007275,94),(8007311,94),(8007313,94),(8007317,94),(8007351,94),(8007359,94),(8007390,94),(8007398,94),(8007399,94),(8007401,94),(8007402,94),(8007403,94),(8007405,94),(8007406,94),(8007462,94),(8007496,94),(8007534,94),(8007556,94),(8007583,94),(8007596,94),(8007628,94),(8007630,94),(8007663,94),(8007740,94),(8007743,94),(8007751,94),(8007752,94),(8007756,94),(8007777,94),(8007790,94),(8007796,94),(8007810,94),(8007858,94),(8007903,94),(8007904,94),(8007909,94),(8007940,94),(8007969,94),(8007975,94),(8007977,94),(8007978,94),(8008001,94),(8008066,94),(8008069,94),(8008070,94),(8008072,94),(8008077,94),(8008106,94),(8008109,94),(8008113,94),(8008117,94),(8008119,94),(8008127,94),(8008131,94),(8008134,94),(8008192,94),(8008247,94),(8008289,94),(8008305,94),(8008307,94),(8008308,94),(8008309,94),(8008320,94),(8008343,94),(8008533,94),(8008535,94),(8009226,94),(8010766,94),(8020033,94),(4010252,95),(4010253,95),(4013375,95),(8006236,95),(8007275,95),(4010274,96),(4010275,96),(4010288,96),(4010291,96),(4012227,96),(8005845,96),(8006206,96),(8006289,96),(8006659,96),(8006662,96),(8006665,96),(8006666,96),(8006668,96),(8006672,96),(8007398,96),(8007399,96),(8007401,96),(8007402,96),(8007406,96),(1000910,97),(1001005,97),(1001007,97),(1001014,97),(1001016,97),(2002141,97),(2002148,97),(2002151,97),(2002155,97),(2002162,97),(2002189,97),(2002201,97),(2002364,97),(2002416,97),(2002645,97),(2002650,97),(2002665,97),(2002738,97),(2002868,97),(2003231,97),(2008619,97),(4002442,97),(4010238,97),(4010258,97),(4010289,97),(4011343,97),(4011904,97),(4011912,97),(4012183,97),(4013226,97),(8005828,97),(8005831,97),(8005833,97),(8005834,97),(8005835,97),(8005859,97),(8005887,97),(8005894,97),(8005922,97),(8005924,97),(8005927,97),(8005946,97),(8005989,97),(8005995,97),(8005996,97),(8006064,97),(8006074,97),(8006079,97),(8006082,97),(8006135,97),(8006136,97),(8006154,97),(8006155,97),(8006173,97),(8006183,97),(8006185,97),(8006186,97),(8006188,97),(8006190,97),(8006191,97),(8006207,97),(8006211,97),(8006213,97),(8006217,97),(8006231,97),(8006247,97),(8006258,97),(8006261,97),(8006262,97),(8006275,97),(8006288,97),(8006297,97),(8006395,97),(8006402,97),(8006411,97),(8006529,97),(8006541,97),(8006564,97),(8006618,97),(8006625,97),(8006704,97),(8006709,97),(8006713,97),(8006720,97),(8006727,97),(8006790,97),(8006897,97),(8006898,97),(8006900,97),(8006902,97),(8006903,97),(8006907,97),(8006908,97),(8006993,97),(8007089,97),(8007100,97),(8007107,97),(8007108,97),(8007122,97),(8007128,97),(8007130,97),(8007141,97),(8007144,97),(8007195,97),(8007203,97),(8007253,97),(8007270,97),(8007311,97),(8007313,97),(8007317,97),(8007351,97),(8007359,97),(8007360,97),(8007390,97),(8007405,97),(8007415,97),(8007451,97),(8007462,97),(8007521,97),(8007534,97),(8007548,97),(8007583,97),(8007596,97),(8007628,97),(8007630,97),(8007663,97),(8007740,97),(8007743,97),(8007751,97),(8007752,97),(8007756,97),(8007777,97),(8007790,97),(8007796,97),(8007810,97),(8007811,97),(8007858,97),(8007877,97),(8007904,97),(8007940,97),(8007969,97),(8007970,97),(8007971,97),(8007972,97),(8008001,97),(8008064,97),(8008066,97),(8008069,97),(8008070,97),(8008072,97),(8008076,97),(8008077,97),(8008106,97),(8008109,97),(8008113,97),(8008117,97),(8008119,97),(8008126,97),(8008131,97),(8008134,97),(8008192,97),(8008247,97),(8008287,97),(8008289,97),(8008290,97),(8008292,97),(8008307,97),(8008308,97),(8008309,97),(8008320,97),(8008343,97),(8008398,97),(8009045,97),(8009226,97),(8019373,97),(8020033,97),(8020104,97),(8020108,97),(2002144,98),(2002193,98),(2002197,98),(2002415,98),(2002643,98),(2002646,98),(2002647,98),(2002648,98),(2002652,98),(2002653,98),(2002737,98),(2002785,98),(4009848,98),(4009948,98),(4009949,98),(4010134,98),(4012593,98),(8005851,98),(8006170,98),(8006171,98),(8006210,98),(8006212,98),(8006221,98),(8006225,98),(8006226,98),(8006228,98),(8006229,98),(8006230,98),(8006232,98),(8006234,98),(8006235,98),(8006274,98),(8006276,98),(8006278,98),(8006455,98),(8006458,98),(8006459,98),(8006523,98),(8006525,98),(8006527,98),(8006688,98),(8006764,98),(8006812,98),(8006892,98),(8006895,98),(8006938,98),(8006940,98),(8006985,98),(8007211,98),(8007212,98),(8007215,98),(8007216,98),(8007218,98),(8007219,98),(8007222,98),(8007227,98),(8007228,98),(8007230,98),(8007376,98),(8007377,98),(8007444,98),(8007496,98),(8007556,98),(8007869,98),(8007897,98),(8007903,98),(8007909,98),(8007975,98),(8007977,98),(8007978,98),(8008123,98),(8008124,98),(8008127,98),(8008288,98),(8008533,98),(8008535,98),(8010766,98),(1000792,99),(1000810,99),(1000816,99),(1000835,99),(1000836,99),(1001109,99),(1001110,99),(1001117,99),(1001118,99),(1001290,99),(1001295,99),(1001349,99),(1001378,99),(1001669,99),(1001671,99),(1001673,99),(2002140,99),(2002142,99),(2002143,99),(2002145,99),(2002146,99),(2002147,99),(2002152,99),(2002163,99),(2002166,99),(2002167,99),(2002192,99),(2002202,99),(2002342,99),(2002420,99),(2002421,99),(2002644,99),(2002649,99),(2002651,99),(2003046,99),(2003047,99),(2003163,99),(2008625,99),(4010229,99),(4010247,99),(4010259,99),(4010300,99),(4010301,99),(4010349,99),(4011416,99),(4013170,99),(4013171,99),(4013172,99),(4013173,99),(4013229,99),(4013234,99),(4013240,99),(4013306,99),(4013308,99),(4013320,99),(4013365,99),(4013473,99),(4013507,99),(4013551,99),(4013576,99),(4013675,99),(4013700,99),(4013701,99),(4013799,99),(4014371,99),(8005838,99),(8005858,99),(8005860,99),(8005885,99),(8005886,99),(8005889,99),(8005923,99),(8005937,99),(8005944,99),(8005950,99),(8006021,99),(8006022,99),(8006057,99),(8006075,99),(8006076,99),(8006077,99),(8006081,99),(8006086,99),(8006134,99),(8006153,99),(8006174,99),(8006184,99),(8006208,99),(8006209,99),(8006218,99),(8006257,99),(8006263,99),(8006269,99),(8006271,99),(8006273,99),(8006277,99),(8006280,99),(8006290,99),(8006298,99),(8006305,99),(8006313,99),(8006355,99),(8006388,99),(8006454,99),(8006457,99),(8006460,99),(8006461,99),(8006463,99),(8006466,99),(8006524,99),(8006526,99),(8006531,99),(8006537,99),(8006543,99),(8006568,99),(8006598,99),(8006624,99),(8006642,99),(8006660,99),(8006667,99),(8006705,99),(8006706,99),(8006707,99),(8006708,99),(8006715,99),(8006717,99),(8006718,99),(8006728,99),(8006746,99),(8006893,99),(8006894,99),(8006901,99),(8006904,99),(8006910,99),(8006915,99),(8006951,99),(8006984,99),(8006991,99),(8007006,99),(8007088,99),(8007106,99),(8007139,99),(8007213,99),(8007214,99),(8007217,99),(8007220,99),(8007221,99),(8007223,99),(8007225,99),(8007226,99),(8007229,99),(8007252,99),(8007312,99),(8007314,99),(8007316,99),(8007318,99),(8007323,99),(8007343,99),(8007344,99),(8007348,99),(8007350,99),(8007356,99),(8007361,99),(8007362,99),(8007363,99),(8007378,99),(8007389,99),(8007392,99),(8007394,99),(8007400,99),(8007403,99),(8007404,99),(8007407,99),(8007416,99),(8007445,99),(8007447,99),(8007452,99),(8007519,99),(8007520,99),(8007550,99),(8007553,99),(8007554,99),(8007555,99),(8007582,99),(8007584,99),(8007619,99),(8007620,99),(8007621,99),(8007622,99),(8007623,99),(8007627,99),(8007629,99),(8007632,99),(8007636,99),(8007742,99),(8007757,99),(8007758,99),(8007765,99),(8007785,99),(8007799,99),(8007832,99),(8007841,99),(8007866,99),(8007870,99),(8007896,99),(8007900,99),(8007905,99),(8007906,99),(8007938,99),(8007939,99),(8007943,99),(8007976,99),(8007979,99),(8007996,99),(8008000,99),(8008002,99),(8008007,99),(8008014,99),(8008018,99),(8008019,99),(8008020,99),(8008021,99),(8008025,99),(8008026,99),(8008027,99),(8008031,99),(8008032,99),(8008035,99),(8008036,99),(8008037,99),(8008038,99),(8008039,99),(8008040,99),(8008043,99),(8008046,99),(8008047,99),(8008048,99),(8008050,99),(8008051,99),(8008053,99),(8008054,99),(8008055,99),(8008056,99),(8008059,99),(8008065,99),(8008071,99),(8008074,99),(8008075,99),(8008083,99),(8008105,99),(8008118,99),(8008128,99),(8008133,99),(8008179,99),(8008182,99),(8008191,99),(8008249,99),(8008266,99),(8008291,99),(8008305,99),(8008311,99),(8008312,99),(8008317,99),(8008339,99),(8008341,99),(8008347,99),(8008349,99),(8008362,99),(8008386,99),(8008427,99),(8008437,99),(8008457,99),(8008569,99),(8009293,99),(8009944,99),(8010079,99),(8010085,99),(8010773,99),(8011063,99),(8019313,99),(8019321,99),(8019325,99),(8019371,99),(8019376,99),(8020107,99),(4010252,100),(4010253,100),(4013375,100),(8006236,100),(8007275,100),(4010274,101),(4010275,101),(4010288,101),(4010291,101),(4012227,101),(8005845,101),(8006206,101),(8006289,101),(8006659,101),(8006662,101),(8006665,101),(8006666,101),(8006668,101),(8006672,101),(8007398,101),(8007399,101),(8007401,101),(8007402,101),(8007406,101),(1000910,102),(1001005,102),(1001007,102),(1001014,102),(1001016,102),(2002141,102),(2002148,102),(2002151,102),(2002155,102),(2002162,102),(2002189,102),(2002201,102),(2002364,102),(2002416,102),(2002645,102),(2002650,102),(2002665,102),(2002738,102),(2002868,102),(2003231,102),(2008619,102),(4002442,102),(4010238,102),(4010258,102),(4010289,102),(4011343,102),(4011904,102),(4011912,102),(4012183,102),(4013226,102),(8005828,102),(8005831,102),(8005833,102),(8005834,102),(8005835,102),(8005859,102),(8005887,102),(8005894,102),(8005922,102),(8005924,102),(8005927,102),(8005946,102),(8005989,102),(8005995,102),(8005996,102),(8006064,102),(8006074,102),(8006079,102),(8006082,102),(8006135,102),(8006136,102),(8006154,102),(8006155,102),(8006173,102),(8006183,102),(8006185,102),(8006186,102),(8006188,102),(8006190,102),(8006191,102),(8006207,102),(8006211,102),(8006213,102),(8006217,102),(8006231,102),(8006247,102),(8006258,102),(8006261,102),(8006262,102),(8006275,102),(8006288,102),(8006297,102),(8006395,102),(8006402,102),(8006411,102),(8006529,102),(8006541,102),(8006564,102),(8006618,102),(8006625,102),(8006704,102),(8006709,102),(8006713,102),(8006720,102),(8006727,102),(8006790,102),(8006897,102),(8006898,102),(8006900,102),(8006902,102),(8006903,102),(8006907,102),(8006908,102),(8006993,102),(8007089,102),(8007100,102),(8007107,102),(8007108,102),(8007122,102),(8007128,102),(8007130,102),(8007141,102),(8007144,102),(8007195,102),(8007203,102),(8007253,102),(8007270,102),(8007311,102),(8007313,102),(8007317,102),(8007351,102),(8007359,102),(8007360,102),(8007390,102),(8007405,102),(8007415,102),(8007451,102),(8007462,102),(8007521,102),(8007534,102),(8007548,102),(8007583,102),(8007596,102),(8007628,102),(8007630,102),(8007663,102),(8007740,102),(8007743,102),(8007751,102),(8007752,102),(8007756,102),(8007777,102),(8007790,102),(8007796,102),(8007810,102),(8007811,102),(8007858,102),(8007877,102),(8007904,102),(8007940,102),(8007969,102),(8007970,102),(8007971,102),(8007972,102),(8008001,102),(8008064,102),(8008066,102),(8008069,102),(8008070,102),(8008072,102),(8008076,102),(8008077,102),(8008106,102),(8008109,102),(8008113,102),(8008117,102),(8008119,102),(8008126,102),(8008131,102),(8008134,102),(8008192,102),(8008247,102),(8008287,102),(8008289,102),(8008290,102),(8008292,102),(8008307,102),(8008308,102),(8008309,102),(8008320,102),(8008343,102),(8008398,102),(8009045,102),(8009226,102),(8019373,102),(8020033,102),(8020104,102),(8020108,102),(2002144,103),(2002193,103),(2002197,103),(2002415,103),(2002643,103),(2002646,103),(2002647,103),(2002648,103),(2002652,103),(2002653,103),(2002737,103),(2002785,103),(4009848,103),(4009948,103),(4009949,103),(4010134,103),(4012593,103),(8005851,103),(8006170,103),(8006171,103),(8006210,103),(8006212,103),(8006221,103),(8006225,103),(8006226,103),(8006228,103),(8006229,103),(8006230,103),(8006232,103),(8006234,103),(8006235,103),(8006274,103),(8006276,103),(8006278,103),(8006455,103),(8006458,103),(8006459,103),(8006523,103),(8006525,103),(8006527,103),(8006688,103),(8006764,103),(8006812,103),(8006892,103),(8006895,103),(8006938,103),(8006940,103),(8006985,103),(8007211,103),(8007212,103),(8007215,103),(8007216,103),(8007218,103),(8007219,103),(8007222,103),(8007227,103),(8007228,103),(8007230,103),(8007376,103),(8007377,103),(8007444,103),(8007496,103),(8007556,103),(8007869,103),(8007897,103),(8007903,103),(8007909,103),(8007975,103),(8007977,103),(8007978,103),(8008123,103),(8008124,103),(8008127,103),(8008288,103),(8008533,103),(8008535,103),(8010766,103),(1000792,104),(1000810,104),(1000816,104),(1000835,104),(1000836,104),(1001109,104),(1001110,104),(1001117,104),(1001118,104),(1001290,104),(1001295,104),(1001349,104),(1001378,104),(1001669,104),(1001671,104),(1001673,104),(2002140,104),(2002142,104),(2002143,104),(2002145,104),(2002146,104),(2002147,104),(2002152,104),(2002163,104),(2002166,104),(2002167,104),(2002192,104),(2002202,104),(2002342,104),(2002420,104),(2002421,104),(2002644,104),(2002649,104),(2002651,104),(2003046,104),(2003047,104),(2003163,104),(2008625,104),(4010229,104),(4010247,104),(4010259,104),(4010300,104),(4010301,104),(4010349,104),(4011416,104),(4013170,104),(4013171,104),(4013172,104),(4013173,104),(4013229,104),(4013234,104),(4013240,104),(4013306,104),(4013308,104),(4013320,104),(4013365,104),(4013473,104),(4013507,104),(4013551,104),(4013576,104),(4013675,104),(4013700,104),(4013701,104),(4013799,104),(4014371,104),(8005838,104),(8005858,104),(8005860,104),(8005885,104),(8005886,104),(8005889,104),(8005923,104),(8005937,104),(8005944,104),(8005950,104),(8006021,104),(8006022,104),(8006057,104),(8006075,104),(8006076,104),(8006077,104),(8006081,104),(8006086,104),(8006134,104),(8006153,104),(8006174,104),(8006184,104),(8006208,104),(8006209,104),(8006218,104),(8006257,104),(8006263,104),(8006269,104),(8006271,104),(8006273,104),(8006277,104),(8006280,104),(8006290,104),(8006298,104),(8006305,104),(8006313,104),(8006355,104),(8006388,104),(8006454,104),(8006457,104),(8006460,104),(8006461,104),(8006463,104),(8006466,104),(8006524,104),(8006526,104),(8006531,104),(8006537,104),(8006543,104),(8006568,104),(8006598,104),(8006624,104),(8006642,104),(8006660,104),(8006667,104),(8006705,104),(8006706,104),(8006707,104),(8006708,104),(8006715,104),(8006717,104),(8006718,104),(8006728,104),(8006746,104),(8006893,104),(8006894,104),(8006901,104),(8006904,104),(8006910,104),(8006915,104),(8006951,104),(8006984,104),(8006991,104),(8007006,104),(8007088,104),(8007106,104),(8007139,104),(8007213,104),(8007214,104),(8007217,104),(8007220,104),(8007221,104),(8007223,104),(8007225,104),(8007226,104),(8007229,104),(8007252,104),(8007312,104),(8007314,104),(8007316,104),(8007318,104),(8007323,104),(8007343,104),(8007344,104),(8007348,104),(8007350,104),(8007356,104),(8007361,104),(8007362,104),(8007363,104),(8007378,104),(8007389,104),(8007392,104),(8007394,104),(8007400,104),(8007403,104),(8007404,104),(8007407,104),(8007416,104),(8007445,104),(8007447,104),(8007452,104),(8007519,104),(8007520,104),(8007550,104),(8007553,104),(8007554,104),(8007555,104),(8007582,104),(8007584,104),(8007619,104),(8007620,104),(8007621,104),(8007622,104),(8007623,104),(8007627,104),(8007629,104),(8007632,104),(8007636,104),(8007742,104),(8007757,104),(8007758,104),(8007765,104),(8007785,104),(8007799,104),(8007832,104),(8007841,104),(8007866,104),(8007870,104),(8007896,104),(8007900,104),(8007905,104),(8007906,104),(8007938,104),(8007939,104),(8007943,104),(8007976,104),(8007979,104),(8007996,104),(8008000,104),(8008002,104),(8008007,104),(8008014,104),(8008018,104),(8008019,104),(8008020,104),(8008021,104),(8008025,104),(8008026,104),(8008027,104),(8008031,104),(8008032,104),(8008035,104),(8008036,104),(8008037,104),(8008038,104),(8008039,104),(8008040,104),(8008043,104),(8008046,104),(8008047,104),(8008048,104),(8008050,104),(8008051,104),(8008053,104),(8008054,104),(8008055,104),(8008056,104),(8008059,104),(8008065,104),(8008071,104),(8008074,104),(8008075,104),(8008083,104),(8008105,104),(8008118,104),(8008128,104),(8008133,104),(8008179,104),(8008182,104),(8008191,104),(8008249,104),(8008266,104),(8008291,104),(8008305,104),(8008311,104),(8008312,104),(8008317,104),(8008339,104),(8008341,104),(8008347,104),(8008349,104),(8008362,104),(8008386,104),(8008427,104),(8008437,104),(8008457,104),(8008569,104),(8009293,104),(8009944,104),(8010079,104),(8010085,104),(8010773,104),(8011063,104),(8019313,104),(8019321,104),(8019325,104),(8019371,104),(8019376,104),(8020107,104),(4013375,105),(8007275,105),(2002148,106),(2002193,106),(2002197,106),(8005845,106),(8006289,106),(8006659,106),(8006662,106),(8006665,106),(8006666,106),(8006668,106),(8006672,106),(8006688,106),(8007211,106),(8007212,106),(8007215,106),(8007216,106),(8007218,106),(8007219,106),(8007222,106),(8007227,106),(8007228,106),(8007230,106),(8007376,106),(8007398,106),(8007399,106),(8007401,106),(8007402,106),(8007406,106),(8007496,106),(8007909,106),(1000910,107),(1001005,107),(1001007,107),(1001014,107),(1001016,107),(2002141,107),(2002145,107),(2002151,107),(2002155,107),(2002162,107),(2002189,107),(2002201,107),(2002364,107),(2002416,107),(2002645,107),(2002650,107),(2002665,107),(2002738,107),(2002868,107),(2003231,107),(2008619,107),(4002442,107),(4010238,107),(4010258,107),(4010289,107),(4011343,107),(4011904,107),(4011912,107),(4012183,107),(4013226,107),(8005828,107),(8005831,107),(8005833,107),(8005834,107),(8005835,107),(8005859,107),(8005887,107),(8005894,107),(8005922,107),(8005924,107),(8005927,107),(8005946,107),(8005989,107),(8005995,107),(8005996,107),(8006064,107),(8006079,107),(8006082,107),(8006135,107),(8006136,107),(8006154,107),(8006155,107),(8006173,107),(8006183,107),(8006185,107),(8006186,107),(8006188,107),(8006190,107),(8006191,107),(8006206,107),(8006207,107),(8006211,107),(8006213,107),(8006217,107),(8006231,107),(8006232,107),(8006247,107),(8006258,107),(8006261,107),(8006262,107),(8006275,107),(8006288,107),(8006297,107),(8006395,107),(8006402,107),(8006411,107),(8006529,107),(8006541,107),(8006564,107),(8006618,107),(8006625,107),(8006704,107),(8006709,107),(8006713,107),(8006720,107),(8006727,107),(8006790,107),(8006897,107),(8006898,107),(8006900,107),(8006902,107),(8006903,107),(8006907,107),(8006908,107),(8006993,107),(8007089,107),(8007100,107),(8007107,107),(8007108,107),(8007122,107),(8007128,107),(8007130,107),(8007141,107),(8007144,107),(8007195,107),(8007203,107),(8007253,107),(8007270,107),(8007311,107),(8007313,107),(8007317,107),(8007351,107),(8007359,107),(8007360,107),(8007390,107),(8007405,107),(8007415,107),(8007451,107),(8007462,107),(8007521,107),(8007534,107),(8007548,107),(8007596,107),(8007628,107),(8007630,107),(8007663,107),(8007740,107),(8007743,107),(8007751,107),(8007752,107),(8007756,107),(8007777,107),(8007790,107),(8007796,107),(8007810,107),(8007811,107),(8007858,107),(8007877,107),(8007904,107),(8007940,107),(8007969,107),(8007970,107),(8007971,107),(8007972,107),(8008001,107),(8008064,107),(8008066,107),(8008069,107),(8008070,107),(8008072,107),(8008076,107),(8008077,107),(8008106,107),(8008109,107),(8008113,107),(8008117,107),(8008119,107),(8008126,107),(8008134,107),(8008192,107),(8008247,107),(8008287,107),(8008289,107),(8008290,107),(8008292,107),(8008307,107),(8008308,107),(8008309,107),(8008320,107),(8008343,107),(8008398,107),(8008535,107),(8009045,107),(8009226,107),(8019373,107),(8020033,107),(8020104,107),(8020108,107),(2002144,108),(2002415,108),(2002643,108),(2002646,108),(2002647,108),(2002648,108),(2002652,108),(2002653,108),(2002737,108),(2002785,108),(4009848,108),(4009948,108),(4009949,108),(4010134,108),(4010252,108),(4010253,108),(4010274,108),(4010275,108),(4010288,108),(4010291,108),(4011416,108),(4012227,108),(4012593,108),(8005851,108),(8006074,108),(8006170,108),(8006171,108),(8006210,108),(8006212,108),(8006221,108),(8006225,108),(8006226,108),(8006228,108),(8006229,108),(8006230,108),(8006234,108),(8006235,108),(8006236,108),(8006274,108),(8006276,108),(8006278,108),(8006455,108),(8006458,108),(8006459,108),(8006523,108),(8006525,108),(8006527,108),(8006764,108),(8006812,108),(8006892,108),(8006895,108),(8006938,108),(8006940,108),(8006985,108),(8007377,108),(8007444,108),(8007556,108),(8007583,108),(8007869,108),(8007897,108),(8007903,108),(8007975,108),(8007977,108),(8007978,108),(8008123,108),(8008124,108),(8008127,108),(8008131,108),(8008288,108),(8008533,108),(8010766,108),(1000792,109),(1000810,109),(1000816,109),(1000835,109),(1000836,109),(1001109,109),(1001110,109),(1001117,109),(1001118,109),(1001290,109),(1001295,109),(1001349,109),(1001378,109),(1001669,109),(1001671,109),(1001673,109),(2002140,109),(2002142,109),(2002143,109),(2002146,109),(2002147,109),(2002152,109),(2002163,109),(2002166,109),(2002167,109),(2002192,109),(2002202,109),(2002342,109),(2002420,109),(2002421,109),(2002644,109),(2002649,109),(2002651,109),(2003046,109),(2003047,109),(2003163,109),(2008625,109),(4010229,109),(4010247,109),(4010259,109),(4010300,109),(4010301,109),(4010349,109),(4013170,109),(4013171,109),(4013172,109),(4013173,109),(4013229,109),(4013234,109),(4013240,109),(4013306,109),(4013308,109),(4013320,109),(4013365,109),(4013473,109),(4013507,109),(4013551,109),(4013576,109),(4013675,109),(4013700,109),(4013701,109),(4013799,109),(4014371,109),(8005838,109),(8005858,109),(8005860,109),(8005885,109),(8005886,109),(8005889,109),(8005923,109),(8005937,109),(8005944,109),(8005950,109),(8006021,109),(8006022,109),(8006057,109),(8006075,109),(8006076,109),(8006077,109),(8006081,109),(8006086,109),(8006134,109),(8006153,109),(8006174,109),(8006184,109),(8006208,109),(8006209,109),(8006218,109),(8006257,109),(8006263,109),(8006269,109),(8006271,109),(8006273,109),(8006277,109),(8006280,109),(8006290,109),(8006298,109),(8006305,109),(8006313,109),(8006355,109),(8006388,109),(8006454,109),(8006457,109),(8006460,109),(8006461,109),(8006463,109),(8006466,109),(8006524,109),(8006526,109),(8006531,109),(8006537,109),(8006543,109),(8006568,109),(8006598,109),(8006624,109),(8006642,109),(8006660,109),(8006667,109),(8006705,109),(8006706,109),(8006707,109),(8006708,109),(8006715,109),(8006717,109),(8006718,109),(8006728,109),(8006746,109),(8006893,109),(8006894,109),(8006901,109),(8006904,109),(8006910,109),(8006915,109),(8006951,109),(8006984,109),(8006991,109),(8007006,109),(8007088,109),(8007106,109),(8007139,109),(8007213,109),(8007214,109),(8007217,109),(8007220,109),(8007221,109),(8007223,109),(8007225,109),(8007226,109),(8007229,109),(8007252,109),(8007312,109),(8007314,109),(8007316,109),(8007318,109),(8007323,109),(8007343,109),(8007344,109),(8007348,109),(8007350,109),(8007356,109),(8007361,109),(8007362,109),(8007363,109),(8007378,109),(8007389,109),(8007392,109),(8007394,109),(8007400,109),(8007403,109),(8007404,109),(8007407,109),(8007416,109),(8007445,109),(8007447,109),(8007452,109),(8007519,109),(8007520,109),(8007550,109),(8007553,109),(8007554,109),(8007555,109),(8007582,109),(8007584,109),(8007619,109),(8007620,109),(8007621,109),(8007622,109),(8007623,109),(8007627,109),(8007629,109),(8007632,109),(8007636,109),(8007742,109),(8007757,109),(8007758,109),(8007765,109),(8007785,109),(8007799,109),(8007832,109),(8007841,109),(8007866,109),(8007870,109),(8007896,109),(8007900,109),(8007905,109),(8007906,109),(8007938,109),(8007939,109),(8007943,109),(8007976,109),(8007979,109),(8007996,109),(8008000,109),(8008002,109),(8008007,109),(8008014,109),(8008018,109),(8008019,109),(8008020,109),(8008021,109),(8008025,109),(8008026,109),(8008027,109),(8008031,109),(8008032,109),(8008035,109),(8008036,109),(8008037,109),(8008038,109),(8008039,109),(8008040,109),(8008043,109),(8008046,109),(8008047,109),(8008048,109),(8008050,109),(8008051,109),(8008053,109),(8008054,109),(8008055,109),(8008056,109),(8008059,109),(8008065,109),(8008071,109),(8008074,109),(8008075,109),(8008083,109),(8008105,109),(8008118,109),(8008128,109),(8008133,109),(8008179,109),(8008182,109),(8008191,109),(8008249,109),(8008266,109),(8008291,109),(8008305,109),(8008311,109),(8008312,109),(8008317,109),(8008339,109),(8008341,109),(8008347,109),(8008349,109),(8008362,109),(8008386,109),(8008427,109),(8008437,109),(8008457,109),(8008569,109),(8009293,109),(8009944,109),(8010079,109),(8010085,109),(8010773,109),(8011063,109),(8019313,109),(8019321,109),(8019325,109),(8019371,109),(8019376,109),(8020107,109),(4013375,110),(8007275,110),(2002148,111),(2002193,111),(2002197,111),(8005845,111),(8006289,111),(8006659,111),(8006662,111),(8006665,111),(8006666,111),(8006668,111),(8006672,111),(8006688,111),(8007211,111),(8007212,111),(8007215,111),(8007216,111),(8007218,111),(8007219,111),(8007222,111),(8007227,111),(8007228,111),(8007230,111),(8007376,111),(8007398,111),(8007399,111),(8007401,111),(8007402,111),(8007406,111),(8007496,111),(8007909,111),(1000910,112),(1001005,112),(1001007,112),(1001014,112),(1001016,112),(2002141,112),(2002145,112),(2002151,112),(2002155,112),(2002162,112),(2002189,112),(2002201,112),(2002364,112),(2002416,112),(2002645,112),(2002650,112),(2002665,112),(2002738,112),(2002868,112),(2003231,112),(2008619,112),(4002442,112),(4010238,112),(4010258,112),(4010289,112),(4011343,112),(4011904,112),(4011912,112),(4012183,112),(4013226,112),(8005828,112),(8005831,112),(8005833,112),(8005834,112),(8005835,112),(8005859,112),(8005887,112),(8005894,112),(8005922,112),(8005924,112),(8005927,112),(8005946,112),(8005989,112),(8005995,112),(8005996,112),(8006064,112),(8006079,112),(8006082,112),(8006135,112),(8006136,112),(8006154,112),(8006155,112),(8006173,112),(8006183,112),(8006185,112),(8006186,112),(8006188,112),(8006190,112),(8006191,112),(8006206,112),(8006207,112),(8006211,112),(8006213,112),(8006217,112),(8006231,112),(8006232,112),(8006247,112),(8006258,112),(8006261,112),(8006262,112),(8006275,112),(8006288,112),(8006297,112),(8006395,112),(8006402,112),(8006411,112),(8006529,112),(8006541,112),(8006564,112),(8006618,112),(8006625,112),(8006704,112),(8006709,112),(8006713,112),(8006720,112),(8006727,112),(8006790,112),(8006897,112),(8006898,112),(8006900,112),(8006902,112),(8006903,112),(8006907,112),(8006908,112),(8006993,112),(8007089,112),(8007100,112),(8007107,112),(8007108,112),(8007122,112),(8007128,112),(8007130,112),(8007141,112),(8007144,112),(8007195,112),(8007203,112),(8007253,112),(8007270,112),(8007311,112),(8007313,112),(8007317,112),(8007351,112),(8007359,112),(8007360,112),(8007390,112),(8007405,112),(8007415,112),(8007451,112),(8007462,112),(8007521,112),(8007534,112),(8007548,112),(8007596,112),(8007628,112),(8007630,112),(8007663,112),(8007740,112),(8007743,112),(8007751,112),(8007752,112),(8007756,112),(8007777,112),(8007790,112),(8007796,112),(8007810,112),(8007811,112),(8007858,112),(8007877,112),(8007904,112),(8007940,112),(8007969,112),(8007970,112),(8007971,112),(8007972,112),(8008001,112),(8008064,112),(8008066,112),(8008069,112),(8008070,112),(8008072,112),(8008076,112),(8008077,112),(8008106,112),(8008109,112),(8008113,112),(8008117,112),(8008119,112),(8008126,112),(8008134,112),(8008192,112),(8008247,112),(8008287,112),(8008289,112),(8008290,112),(8008292,112),(8008307,112),(8008308,112),(8008309,112),(8008320,112),(8008343,112),(8008398,112),(8008535,112),(8009045,112),(8009226,112),(8019373,112),(8020033,112),(8020104,112),(8020108,112),(2002144,113),(2002415,113),(2002643,113),(2002646,113),(2002647,113),(2002648,113),(2002652,113),(2002653,113),(2002737,113),(2002785,113),(4009848,113),(4009948,113),(4009949,113),(4010134,113),(4010252,113),(4010253,113),(4010274,113),(4010275,113),(4010288,113),(4010291,113),(4011416,113),(4012227,113),(4012593,113),(8005851,113),(8006074,113),(8006170,113),(8006171,113),(8006210,113),(8006212,113),(8006221,113),(8006225,113),(8006226,113),(8006228,113),(8006229,113),(8006230,113),(8006234,113),(8006235,113),(8006236,113),(8006274,113),(8006276,113),(8006278,113),(8006455,113),(8006458,113),(8006459,113),(8006523,113),(8006525,113),(8006527,113),(8006764,113),(8006812,113),(8006892,113),(8006895,113),(8006938,113),(8006940,113),(8006985,113),(8007377,113),(8007444,113),(8007556,113),(8007583,113),(8007869,113),(8007897,113),(8007903,113),(8007975,113),(8007977,113),(8007978,113),(8008123,113),(8008124,113),(8008127,113),(8008131,113),(8008288,113),(8008533,113),(8010766,113),(1000792,114),(1000810,114),(1000816,114),(1000835,114),(1000836,114),(1001109,114),(1001110,114),(1001117,114),(1001118,114),(1001290,114),(1001295,114),(1001349,114),(1001378,114),(1001669,114),(1001671,114),(1001673,114),(2002140,114),(2002142,114),(2002143,114),(2002146,114),(2002147,114),(2002152,114),(2002163,114),(2002166,114),(2002167,114),(2002192,114),(2002202,114),(2002342,114),(2002420,114),(2002421,114),(2002644,114),(2002649,114),(2002651,114),(2003046,114),(2003047,114),(2003163,114),(2008625,114),(4010229,114),(4010247,114),(4010259,114),(4010300,114),(4010301,114),(4010349,114),(4013170,114),(4013171,114),(4013172,114),(4013173,114),(4013229,114),(4013234,114),(4013240,114),(4013306,114),(4013308,114),(4013320,114),(4013365,114),(4013473,114),(4013507,114),(4013551,114),(4013576,114),(4013675,114),(4013700,114),(4013701,114),(4013799,114),(4014371,114),(8005838,114),(8005858,114),(8005860,114),(8005885,114),(8005886,114),(8005889,114),(8005923,114),(8005937,114),(8005944,114),(8005950,114),(8006021,114),(8006022,114),(8006057,114),(8006075,114),(8006076,114),(8006077,114),(8006081,114),(8006086,114),(8006134,114),(8006153,114),(8006174,114),(8006184,114),(8006208,114),(8006209,114),(8006218,114),(8006257,114),(8006263,114),(8006269,114),(8006271,114),(8006273,114),(8006277,114),(8006280,114),(8006290,114),(8006298,114),(8006305,114),(8006313,114),(8006355,114),(8006388,114),(8006454,114),(8006457,114),(8006460,114),(8006461,114),(8006463,114),(8006466,114),(8006524,114),(8006526,114),(8006531,114),(8006537,114),(8006543,114),(8006568,114),(8006598,114),(8006624,114),(8006642,114),(8006660,114),(8006667,114),(8006705,114),(8006706,114),(8006707,114),(8006708,114),(8006715,114),(8006717,114),(8006718,114),(8006728,114),(8006746,114),(8006893,114),(8006894,114),(8006901,114),(8006904,114),(8006910,114),(8006915,114),(8006951,114),(8006984,114),(8006991,114),(8007006,114),(8007088,114),(8007106,114),(8007139,114),(8007213,114),(8007214,114),(8007217,114),(8007220,114),(8007221,114),(8007223,114),(8007225,114),(8007226,114),(8007229,114),(8007252,114),(8007312,114),(8007314,114),(8007316,114),(8007318,114),(8007323,114),(8007343,114),(8007344,114),(8007348,114),(8007350,114),(8007356,114),(8007361,114),(8007362,114),(8007363,114),(8007378,114),(8007389,114),(8007392,114),(8007394,114),(8007400,114),(8007403,114),(8007404,114),(8007407,114),(8007416,114),(8007445,114),(8007447,114),(8007452,114),(8007519,114),(8007520,114),(8007550,114),(8007553,114),(8007554,114),(8007555,114),(8007582,114),(8007584,114),(8007619,114),(8007620,114),(8007621,114),(8007622,114),(8007623,114),(8007627,114),(8007629,114),(8007632,114),(8007636,114),(8007742,114),(8007757,114),(8007758,114),(8007765,114),(8007785,114),(8007799,114),(8007832,114),(8007841,114),(8007866,114),(8007870,114),(8007896,114),(8007900,114),(8007905,114),(8007906,114),(8007938,114),(8007939,114),(8007943,114),(8007976,114),(8007979,114),(8007996,114),(8008000,114),(8008002,114),(8008007,114),(8008014,114),(8008018,114),(8008019,114),(8008020,114),(8008021,114),(8008025,114),(8008026,114),(8008027,114),(8008031,114),(8008032,114),(8008035,114),(8008036,114),(8008037,114),(8008038,114),(8008039,114),(8008040,114),(8008043,114),(8008046,114),(8008047,114),(8008048,114),(8008050,114),(8008051,114),(8008053,114),(8008054,114),(8008055,114),(8008056,114),(8008059,114),(8008065,114),(8008071,114),(8008074,114),(8008075,114),(8008083,114),(8008105,114),(8008118,114),(8008128,114),(8008133,114),(8008179,114),(8008182,114),(8008191,114),(8008249,114),(8008266,114),(8008291,114),(8008305,114),(8008311,114),(8008312,114),(8008317,114),(8008339,114),(8008341,114),(8008347,114),(8008349,114),(8008362,114),(8008386,114),(8008427,114),(8008437,114),(8008457,114),(8008569,114),(8009293,114),(8009944,114),(8010079,114),(8010085,114),(8010773,114),(8011063,114),(8019313,114),(8019321,114),(8019325,114),(8019371,114),(8019376,114),(8020107,114),(4013375,115),(8007275,115),(2002148,116),(2002193,116),(2002197,116),(8005845,116),(8006289,116),(8006659,116),(8006662,116),(8006665,116),(8006666,116),(8006668,116),(8006672,116),(8006688,116),(8007211,116),(8007212,116),(8007215,116),(8007216,116),(8007218,116),(8007219,116),(8007222,116),(8007227,116),(8007228,116),(8007230,116),(8007376,116),(8007398,116),(8007399,116),(8007401,116),(8007402,116),(8007406,116),(8007496,116),(8007909,116),(1000910,117),(1001005,117),(1001007,117),(1001014,117),(1001016,117),(2002141,117),(2002145,117),(2002151,117),(2002155,117),(2002162,117),(2002189,117),(2002201,117),(2002364,117),(2002416,117),(2002645,117),(2002650,117),(2002665,117),(2002738,117),(2002868,117),(2003231,117),(2008619,117),(4002442,117),(4010238,117),(4010258,117),(4010289,117),(4011343,117),(4011904,117),(4011912,117),(4012183,117),(4013226,117),(8005828,117),(8005831,117),(8005833,117),(8005834,117),(8005835,117),(8005859,117),(8005887,117),(8005894,117),(8005922,117),(8005924,117),(8005927,117),(8005946,117),(8005989,117),(8005995,117),(8005996,117),(8006064,117),(8006079,117),(8006082,117),(8006135,117),(8006136,117),(8006154,117),(8006155,117),(8006173,117),(8006183,117),(8006185,117),(8006186,117),(8006188,117),(8006190,117),(8006191,117),(8006206,117),(8006207,117),(8006211,117),(8006213,117),(8006217,117),(8006231,117),(8006232,117),(8006247,117),(8006258,117),(8006261,117),(8006262,117),(8006275,117),(8006288,117),(8006297,117),(8006395,117),(8006402,117),(8006411,117),(8006529,117),(8006541,117),(8006564,117),(8006618,117),(8006625,117),(8006704,117),(8006709,117),(8006713,117),(8006720,117),(8006727,117),(8006790,117),(8006897,117),(8006898,117),(8006900,117),(8006902,117),(8006903,117),(8006907,117),(8006908,117),(8006993,117),(8007089,117),(8007100,117),(8007107,117),(8007108,117),(8007122,117),(8007128,117),(8007130,117),(8007141,117),(8007144,117),(8007195,117),(8007203,117),(8007253,117),(8007270,117),(8007311,117),(8007313,117),(8007317,117),(8007351,117),(8007359,117),(8007360,117),(8007390,117),(8007405,117),(8007415,117),(8007451,117),(8007462,117),(8007521,117),(8007534,117),(8007548,117),(8007596,117),(8007628,117),(8007630,117),(8007663,117),(8007740,117),(8007743,117),(8007751,117),(8007752,117),(8007756,117),(8007777,117),(8007790,117),(8007796,117),(8007810,117),(8007811,117),(8007858,117),(8007877,117),(8007904,117),(8007940,117),(8007969,117),(8007970,117),(8007971,117),(8007972,117),(8008001,117),(8008064,117),(8008066,117),(8008069,117),(8008070,117),(8008072,117),(8008076,117),(8008077,117),(8008106,117),(8008109,117),(8008113,117),(8008117,117),(8008119,117),(8008126,117),(8008134,117),(8008192,117),(8008247,117),(8008287,117),(8008289,117),(8008290,117),(8008292,117),(8008307,117),(8008308,117),(8008309,117),(8008320,117),(8008343,117),(8008398,117),(8008535,117),(8009045,117),(8009226,117),(8019373,117),(8020033,117),(8020104,117),(8020108,117),(2002144,118),(2002415,118),(2002643,118),(2002646,118),(2002647,118),(2002648,118),(2002652,118),(2002653,118),(2002737,118),(2002785,118),(4009848,118),(4009948,118),(4009949,118),(4010134,118),(4010252,118),(4010253,118),(4010274,118),(4010275,118),(4010288,118),(4010291,118),(4011416,118),(4012227,118),(4012593,118),(8005851,118),(8006074,118),(8006170,118),(8006171,118),(8006210,118),(8006212,118),(8006221,118),(8006225,118),(8006226,118),(8006228,118),(8006229,118),(8006230,118),(8006234,118),(8006235,118),(8006236,118),(8006274,118),(8006276,118),(8006278,118),(8006455,118),(8006458,118),(8006459,118),(8006523,118),(8006525,118),(8006527,118),(8006764,118),(8006812,118),(8006892,118),(8006895,118),(8006938,118),(8006940,118),(8006985,118),(8007377,118),(8007444,118),(8007556,118),(8007583,118),(8007869,118),(8007897,118),(8007903,118),(8007975,118),(8007977,118),(8007978,118),(8008123,118),(8008124,118),(8008127,118),(8008131,118),(8008288,118),(8008533,118),(8010766,118),(1000792,119),(1000810,119),(1000816,119),(1000835,119),(1000836,119),(1001109,119),(1001110,119),(1001117,119),(1001118,119),(1001290,119),(1001295,119),(1001349,119),(1001378,119),(1001669,119),(1001671,119),(1001673,119),(2002140,119),(2002142,119),(2002143,119),(2002146,119),(2002147,119),(2002152,119),(2002163,119),(2002166,119),(2002167,119),(2002192,119),(2002202,119),(2002342,119),(2002420,119),(2002421,119),(2002644,119),(2002649,119),(2002651,119),(2003046,119),(2003047,119),(2003163,119),(2008625,119),(4010229,119),(4010247,119),(4010259,119),(4010300,119),(4010301,119),(4010349,119),(4013170,119),(4013171,119),(4013172,119),(4013173,119),(4013229,119),(4013234,119),(4013240,119),(4013306,119),(4013308,119),(4013320,119),(4013365,119),(4013473,119),(4013507,119),(4013551,119),(4013576,119),(4013675,119),(4013700,119),(4013701,119),(4013799,119),(4014371,119),(8005838,119),(8005858,119),(8005860,119),(8005885,119),(8005886,119),(8005889,119),(8005923,119),(8005937,119),(8005944,119),(8005950,119),(8006021,119),(8006022,119),(8006057,119),(8006075,119),(8006076,119),(8006077,119),(8006081,119),(8006086,119),(8006134,119),(8006153,119),(8006174,119),(8006184,119),(8006208,119),(8006209,119),(8006218,119),(8006257,119),(8006263,119),(8006269,119),(8006271,119),(8006273,119),(8006277,119),(8006280,119),(8006290,119),(8006298,119),(8006305,119),(8006313,119),(8006355,119),(8006388,119),(8006454,119),(8006457,119),(8006460,119),(8006461,119),(8006463,119),(8006466,119),(8006524,119),(8006526,119),(8006531,119),(8006537,119),(8006543,119),(8006568,119),(8006598,119),(8006624,119),(8006642,119),(8006660,119),(8006667,119),(8006705,119),(8006706,119),(8006707,119),(8006708,119),(8006715,119),(8006717,119),(8006718,119),(8006728,119),(8006746,119),(8006893,119),(8006894,119),(8006901,119),(8006904,119),(8006910,119),(8006915,119),(8006951,119),(8006984,119),(8006991,119),(8007006,119),(8007088,119),(8007106,119),(8007139,119),(8007213,119),(8007214,119),(8007217,119),(8007220,119),(8007221,119),(8007223,119),(8007225,119),(8007226,119),(8007229,119),(8007252,119),(8007312,119),(8007314,119),(8007316,119),(8007318,119),(8007323,119),(8007343,119),(8007344,119),(8007348,119),(8007350,119),(8007356,119),(8007361,119),(8007362,119),(8007363,119),(8007378,119),(8007389,119),(8007392,119),(8007394,119),(8007400,119),(8007403,119),(8007404,119),(8007407,119),(8007416,119),(8007445,119),(8007447,119),(8007452,119),(8007519,119),(8007520,119),(8007550,119),(8007553,119),(8007554,119),(8007555,119),(8007582,119),(8007584,119),(8007619,119),(8007620,119),(8007621,119),(8007622,119),(8007623,119),(8007627,119),(8007629,119),(8007632,119),(8007636,119),(8007742,119),(8007757,119),(8007758,119),(8007765,119),(8007785,119),(8007799,119),(8007832,119),(8007841,119),(8007866,119),(8007870,119),(8007896,119),(8007900,119),(8007905,119),(8007906,119),(8007938,119),(8007939,119),(8007943,119),(8007976,119),(8007979,119),(8007996,119),(8008000,119),(8008002,119),(8008007,119),(8008014,119),(8008018,119),(8008019,119),(8008020,119),(8008021,119),(8008025,119),(8008026,119),(8008027,119),(8008031,119),(8008032,119),(8008035,119),(8008036,119),(8008037,119),(8008038,119),(8008039,119),(8008040,119),(8008043,119),(8008046,119),(8008047,119),(8008048,119),(8008050,119),(8008051,119),(8008053,119),(8008054,119),(8008055,119),(8008056,119),(8008059,119),(8008065,119),(8008071,119),(8008074,119),(8008075,119),(8008083,119),(8008105,119),(8008118,119),(8008128,119),(8008133,119),(8008179,119),(8008182,119),(8008191,119),(8008249,119),(8008266,119),(8008291,119),(8008305,119),(8008311,119),(8008312,119),(8008317,119),(8008339,119),(8008341,119),(8008347,119),(8008349,119),(8008362,119),(8008386,119),(8008427,119),(8008437,119),(8008457,119),(8008569,119),(8009293,119),(8009944,119),(8010079,119),(8010085,119),(8010773,119),(8011063,119),(8019313,119),(8019321,119),(8019325,119),(8019371,119),(8019376,119),(8020107,119),(4013375,120),(8007275,120),(2002145,121),(2002162,121),(4009848,121),(4009948,121),(4009949,121),(4010134,121),(4012593,121),(8005845,121),(8006289,121),(8006659,121),(8006662,121),(8006665,121),(8006666,121),(8006668,121),(8006672,121),(8007398,121),(8007399,121),(8007401,121),(8007402,121),(8007406,121),(1000910,122),(1001005,122),(1001007,122),(1001014,122),(1001016,122),(2002141,122),(2002148,122),(2002151,122),(2002189,122),(2002201,122),(2002364,122),(2002416,122),(2002645,122),(2002650,122),(2002665,122),(2002738,122),(2002868,122),(2003231,122),(2008619,122),(4002442,122),(4010238,122),(4010258,122),(4010289,122),(4011343,122),(4011904,122),(4011912,122),(4012183,122),(4013226,122),(8005828,122),(8005831,122),(8005833,122),(8005834,122),(8005835,122),(8005859,122),(8005887,122),(8005894,122),(8005922,122),(8005924,122),(8005927,122),(8005946,122),(8005989,122),(8005995,122),(8005996,122),(8006064,122),(8006074,122),(8006079,122),(8006082,122),(8006135,122),(8006136,122),(8006154,122),(8006155,122),(8006173,122),(8006183,122),(8006185,122),(8006186,122),(8006188,122),(8006190,122),(8006191,122),(8006206,122),(8006207,122),(8006211,122),(8006213,122),(8006217,122),(8006231,122),(8006232,122),(8006247,122),(8006258,122),(8006261,122),(8006262,122),(8006275,122),(8006288,122),(8006297,122),(8006395,122),(8006402,122),(8006411,122),(8006529,122),(8006541,122),(8006564,122),(8006618,122),(8006625,122),(8006704,122),(8006709,122),(8006713,122),(8006720,122),(8006727,122),(8006790,122),(8006897,122),(8006898,122),(8006900,122),(8006902,122),(8006903,122),(8006907,122),(8006908,122),(8006993,122),(8007089,122),(8007100,122),(8007107,122),(8007108,122),(8007122,122),(8007128,122),(8007130,122),(8007141,122),(8007144,122),(8007195,122),(8007203,122),(8007253,122),(8007270,122),(8007311,122),(8007313,122),(8007317,122),(8007351,122),(8007359,122),(8007360,122),(8007376,122),(8007377,122),(8007390,122),(8007405,122),(8007415,122),(8007451,122),(8007462,122),(8007521,122),(8007534,122),(8007548,122),(8007596,122),(8007628,122),(8007630,122),(8007663,122),(8007740,122),(8007743,122),(8007751,122),(8007752,122),(8007756,122),(8007777,122),(8007790,122),(8007796,122),(8007810,122),(8007811,122),(8007858,122),(8007877,122),(8007904,122),(8007940,122),(8007969,122),(8007970,122),(8007971,122),(8007972,122),(8008001,122),(8008064,122),(8008066,122),(8008069,122),(8008070,122),(8008072,122),(8008076,122),(8008077,122),(8008106,122),(8008109,122),(8008113,122),(8008117,122),(8008119,122),(8008126,122),(8008131,122),(8008134,122),(8008192,122),(8008247,122),(8008287,122),(8008288,122),(8008289,122),(8008290,122),(8008292,122),(8008307,122),(8008308,122),(8008309,122),(8008320,122),(8008343,122),(8008398,122),(8008535,122),(8009045,122),(8009226,122),(8019373,122),(8020033,122),(8020104,122),(8020108,122),(2002144,123),(2002155,123),(2002415,123),(2002643,123),(2002646,123),(2002647,123),(2002648,123),(2002652,123),(2002653,123),(2002737,123),(2002785,123),(4010274,123),(4010275,123),(4010288,123),(4010291,123),(4011416,123),(4012227,123),(8005851,123),(8006170,123),(8006171,123),(8006210,123),(8006212,123),(8006221,123),(8006225,123),(8006226,123),(8006228,123),(8006229,123),(8006230,123),(8006234,123),(8006235,123),(8006236,123),(8006274,123),(8006276,123),(8006278,123),(8006455,123),(8006458,123),(8006459,123),(8006523,123),(8006525,123),(8006527,123),(8006688,123),(8006764,123),(8006812,123),(8006892,123),(8006895,123),(8006938,123),(8006940,123),(8006985,123),(8007211,123),(8007212,123),(8007215,123),(8007216,123),(8007218,123),(8007219,123),(8007222,123),(8007227,123),(8007228,123),(8007230,123),(8007444,123),(8007496,123),(8007556,123),(8007583,123),(8007869,123),(8007897,123),(8007903,123),(8007909,123),(8007975,123),(8007977,123),(8007978,123),(8008123,123),(8008124,123),(8008127,123),(8008533,123),(8010766,123),(1000792,124),(1000810,124),(1000816,124),(1000835,124),(1000836,124),(1001109,124),(1001110,124),(1001117,124),(1001118,124),(1001290,124),(1001295,124),(1001349,124),(1001378,124),(1001669,124),(1001671,124),(1001673,124),(2002140,124),(2002142,124),(2002143,124),(2002146,124),(2002147,124),(2002152,124),(2002163,124),(2002166,124),(2002167,124),(2002192,124),(2002193,124),(2002197,124),(2002202,124),(2002342,124),(2002420,124),(2002421,124),(2002644,124),(2002649,124),(2002651,124),(2003046,124),(2003047,124),(2003163,124),(2008625,124),(4010229,124),(4010247,124),(4010252,124),(4010253,124),(4010259,124),(4010300,124),(4010301,124),(4010349,124),(4013170,124),(4013171,124),(4013172,124),(4013173,124),(4013229,124),(4013234,124),(4013240,124),(4013306,124),(4013308,124),(4013320,124),(4013365,124),(4013473,124),(4013507,124),(4013551,124),(4013576,124),(4013675,124),(4013700,124),(4013701,124),(4013799,124),(4014371,124),(8005838,124),(8005858,124),(8005860,124),(8005885,124),(8005886,124),(8005889,124),(8005923,124),(8005937,124),(8005944,124),(8005950,124),(8006021,124),(8006022,124),(8006057,124),(8006075,124),(8006076,124),(8006077,124),(8006081,124),(8006086,124),(8006134,124),(8006153,124),(8006174,124),(8006184,124),(8006208,124),(8006209,124),(8006218,124),(8006257,124),(8006263,124),(8006269,124),(8006271,124),(8006273,124),(8006277,124),(8006280,124),(8006290,124),(8006298,124),(8006305,124),(8006313,124),(8006355,124),(8006388,124),(8006454,124),(8006457,124),(8006460,124),(8006461,124),(8006463,124),(8006466,124),(8006524,124),(8006526,124),(8006531,124),(8006537,124),(8006543,124),(8006568,124),(8006598,124),(8006624,124),(8006642,124),(8006660,124),(8006667,124),(8006705,124),(8006706,124),(8006707,124),(8006708,124),(8006715,124),(8006717,124),(8006718,124),(8006728,124),(8006746,124),(8006893,124),(8006894,124),(8006901,124),(8006904,124),(8006910,124),(8006915,124),(8006951,124),(8006984,124),(8006991,124),(8007006,124),(8007088,124),(8007106,124),(8007139,124),(8007213,124),(8007214,124),(8007217,124),(8007220,124),(8007221,124),(8007223,124),(8007225,124),(8007226,124),(8007229,124),(8007252,124),(8007312,124),(8007314,124),(8007316,124),(8007318,124),(8007323,124),(8007343,124),(8007344,124),(8007348,124),(8007350,124),(8007356,124),(8007361,124),(8007362,124),(8007363,124),(8007378,124),(8007389,124),(8007392,124),(8007394,124),(8007400,124),(8007403,124),(8007404,124),(8007407,124),(8007416,124),(8007445,124),(8007447,124),(8007452,124),(8007519,124),(8007520,124),(8007550,124),(8007553,124),(8007554,124),(8007555,124),(8007582,124),(8007584,124),(8007619,124),(8007620,124),(8007621,124),(8007622,124),(8007623,124),(8007627,124),(8007629,124),(8007632,124),(8007636,124),(8007742,124),(8007757,124),(8007758,124),(8007765,124),(8007785,124),(8007799,124),(8007832,124),(8007841,124),(8007866,124),(8007870,124),(8007896,124),(8007900,124),(8007905,124),(8007906,124),(8007938,124),(8007939,124),(8007943,124),(8007976,124),(8007979,124),(8007996,124),(8008000,124),(8008002,124),(8008007,124),(8008014,124),(8008018,124),(8008019,124),(8008020,124),(8008021,124),(8008025,124),(8008026,124),(8008027,124),(8008031,124),(8008032,124),(8008035,124),(8008036,124),(8008037,124),(8008038,124),(8008039,124),(8008040,124),(8008043,124),(8008046,124),(8008047,124),(8008048,124),(8008050,124),(8008051,124),(8008053,124),(8008054,124),(8008055,124),(8008056,124),(8008059,124),(8008065,124),(8008071,124),(8008074,124),(8008075,124),(8008083,124),(8008105,124),(8008118,124),(8008128,124),(8008133,124),(8008179,124),(8008182,124),(8008191,124),(8008249,124),(8008266,124),(8008291,124),(8008305,124),(8008311,124),(8008312,124),(8008317,124),(8008339,124),(8008341,124),(8008347,124),(8008349,124),(8008362,124),(8008386,124),(8008427,124),(8008437,124),(8008457,124),(8008569,124),(8009293,124),(8009944,124),(8010079,124),(8010085,124),(8010773,124),(8011063,124),(8019313,124),(8019321,124),(8019325,124),(8019371,124),(8019376,124),(8020107,124);
/*!40000 ALTER TABLE `peces_criterios` ENABLE KEYS */;
UNLOCK TABLES;

--
-- Table structure for table `peces_propiedades`
--

DROP TABLE IF EXISTS `peces_propiedades`;
/*!40101 SET @saved_cs_client     = @@character_set_client */;
/*!40101 SET character_set_client = utf8 */;
CREATE TABLE `peces_propiedades` (
  `especie_id` int(11) NOT NULL,
  `propiedad_id` int(11) NOT NULL,
  PRIMARY KEY (`especie_id`,`propiedad_id`),
  KEY `fk_grupos_peces1_idx` (`especie_id`),
  KEY `fk_peces_grupos_grupos1_idx` (`propiedad_id`),
  CONSTRAINT `fk_grupos_peces1` FOREIGN KEY (`especie_id`) REFERENCES `peces` (`especie_id`) ON DELETE NO ACTION ON UPDATE NO ACTION,
  CONSTRAINT `fk_peces_grupos_grupos1` FOREIGN KEY (`propiedad_id`) REFERENCES `propiedades` (`id`) ON DELETE NO ACTION ON UPDATE NO ACTION
) ENGINE=InnoDB DEFAULT CHARSET=utf8;
/*!40101 SET character_set_client = @saved_cs_client */;

--
-- Dumping data for table `peces_propiedades`
--

LOCK TABLES `peces_propiedades` WRITE;
/*!40000 ALTER TABLE `peces_propiedades` DISABLE KEYS */;
INSERT INTO `peces_propiedades` VALUES (1000792,108),(1000792,156),(1000792,192),(1000810,108),(1000810,156),(1000810,192),(1000816,108),(1000816,156),(1000816,192),(1000835,108),(1000835,156),(1000835,192),(1000836,34),(1000836,108),(1000836,156),(1000836,192),(1000910,109),(1000910,156),(1000910,192),(1001005,63),(1001005,138),(1001005,156),(1001005,192),(1001007,63),(1001007,138),(1001007,156),(1001007,192),(1001014,63),(1001014,138),(1001014,156),(1001014,192),(1001016,63),(1001016,138),(1001016,156),(1001016,192),(1001109,109),(1001109,156),(1001109,192),(1001110,109),(1001110,156),(1001110,192),(1001117,109),(1001117,156),(1001117,192),(1001118,109),(1001118,156),(1001118,192),(1001290,138),(1001290,156),(1001290,192),(1001295,138),(1001295,156),(1001295,192),(1001349,63),(1001349,138),(1001349,156),(1001349,192),(1001378,109),(1001378,156),(1001378,192),(1001669,37),(1001669,109),(1001669,156),(1001669,192),(1001671,37),(1001671,109),(1001671,156),(1001671,192),(1001673,37),(1001673,109),(1001673,156),(1001673,192),(2002140,24),(2002140,92),(2002140,154),(2002140,192),(2002141,92),(2002141,154),(2002141,192),(2002142,24),(2002142,92),(2002142,154),(2002142,194),(2002143,24),(2002143,92),(2002143,154),(2002143,192),(2002144,23),(2002144,92),(2002144,154),(2002144,192),(2002145,23),(2002145,92),(2002145,154),(2002145,192),(2002146,24),(2002146,92),(2002146,154),(2002146,192),(2002147,24),(2002147,92),(2002147,154),(2002147,192),(2002148,23),(2002148,92),(2002148,154),(2002148,192),(2002151,92),(2002151,154),(2002151,192),(2002152,92),(2002152,154),(2002152,192),(2002155,25),(2002155,92),(2002155,154),(2002155,192),(2002162,23),(2002162,92),(2002162,154),(2002162,192),(2002163,92),(2002163,154),(2002163,192),(2002166,92),(2002166,154),(2002166,192),(2002167,92),(2002167,154),(2002167,192),(2002189,116),(2002189,154),(2002189,192),(2002192,46),(2002192,116),(2002192,154),(2002192,192),(2002193,116),(2002193,154),(2002193,192),(2002197,46),(2002197,116),(2002197,154),(2002197,192),(2002201,116),(2002201,154),(2002201,194),(2002202,46),(2002202,116),(2002202,154),(2002202,192),(2002342,79),(2002342,154),(2002342,192),(2002364,79),(2002364,154),(2002364,192),(2002415,45),(2002415,115),(2002415,154),(2002415,192),(2002416,115),(2002416,154),(2002416,192),(2002420,45),(2002420,115),(2002420,154),(2002420,192),(2002421,45),(2002421,115),(2002421,154),(2002421,192),(2002643,43),(2002643,114),(2002643,154),(2002643,192),(2002644,43),(2002644,114),(2002644,154),(2002644,192),(2002645,114),(2002645,154),(2002645,192),(2002646,43),(2002646,114),(2002646,154),(2002646,192),(2002647,43),(2002647,114),(2002647,154),(2002647,192),(2002648,43),(2002648,114),(2002648,154),(2002648,192),(2002649,43),(2002649,114),(2002649,154),(2002649,192),(2002650,114),(2002650,154),(2002650,192),(2002651,43),(2002651,114),(2002651,154),(2002651,192),(2002652,43),(2002652,114),(2002652,154),(2002652,192),(2002653,43),(2002653,114),(2002653,154),(2002653,192),(2002665,93),(2002665,154),(2002665,192),(2002737,26),(2002737,93),(2002737,154),(2002737,192),(2002738,93),(2002738,154),(2002738,192),(2002785,26),(2002785,93),(2002785,154),(2002785,192),(2002868,92),(2002868,154),(2002868,192),(2003046,45),(2003046,115),(2003046,154),(2003046,192),(2003047,45),(2003047,115),(2003047,154),(2003047,192),(2003163,92),(2003163,154),(2003163,192),(2003231,115),(2003231,154),(2003231,192),(2008619,115),(2008619,154),(2008619,192),(2008625,93),(2008625,154),(2008625,192),(4002442,17),(4002442,125),(4002442,157),(4002442,192),(4009848,28),(4009848,94),(4009848,155),(4009848,192),(4009948,28),(4009948,94),(4009948,155),(4009948,192),(4009949,28),(4009949,94),(4009949,155),(4009949,192),(4010134,28),(4010134,94),(4010134,155),(4010134,192),(4010229,6),(4010229,135),(4010229,155),(4010229,192),(4010238,126),(4010238,155),(4010238,192),(4010247,22),(4010247,91),(4010247,155),(4010247,192),(4010252,56),(4010252,131),(4010252,155),(4010252,192),(4010253,56),(4010253,131),(4010253,155),(4010253,192),(4010258,81),(4010258,155),(4010258,192),(4010259,81),(4010259,155),(4010259,192),(4010274,2),(4010274,81),(4010274,155),(4010274,192),(4010275,2),(4010275,81),(4010275,155),(4010275,192),(4010288,2),(4010288,81),(4010288,155),(4010288,192),(4010289,81),(4010289,155),(4010289,192),(4010291,2),(4010291,81),(4010291,155),(4010291,192),(4010300,81),(4010300,155),(4010300,192),(4010301,81),(4010301,155),(4010301,192),(4010349,1),(4010349,78),(4010349,155),(4010349,192),(4011343,90),(4011343,155),(4011343,192),(4011416,66),(4011416,140),(4011416,155),(4011416,192),(4011904,135),(4011904,155),(4011904,192),(4011912,22),(4011912,91),(4011912,155),(4011912,192),(4012183,22),(4012183,91),(4012183,155),(4012183,192),(4012227,2),(4012227,81),(4012227,155),(4012227,192),(4012593,28),(4012593,94),(4012593,155),(4012593,192),(4013170,1),(4013170,78),(4013170,155),(4013170,192),(4013171,1),(4013171,78),(4013171,155),(4013171,192),(4013172,1),(4013172,78),(4013172,155),(4013172,192),(4013173,1),(4013173,78),(4013173,155),(4013173,192),(4013226,135),(4013226,155),(4013226,192),(4013229,135),(4013229,155),(4013229,192),(4013234,53),(4013234,126),(4013234,155),(4013234,192),(4013240,56),(4013240,131),(4013240,155),(4013240,192),(4013306,7),(4013306,81),(4013306,155),(4013306,192),(4013308,81),(4013308,155),(4013308,192),(4013320,7),(4013320,81),(4013320,155),(4013320,192),(4013365,140),(4013365,155),(4013365,192),(4013375,66),(4013375,140),(4013375,155),(4013375,192),(4013473,126),(4013473,155),(4013473,192),(4013507,91),(4013507,155),(4013507,192),(4013551,81),(4013551,155),(4013551,192),(4013576,94),(4013576,155),(4013576,192),(4013675,21),(4013675,90),(4013675,155),(4013675,192),(4013700,4),(4013700,81),(4013700,155),(4013700,192),(4013701,4),(4013701,81),(4013701,155),(4013701,192),(4013799,90),(4013799,155),(4013799,192),(4014371,53),(4014371,126),(4014371,155),(4014371,192),(8005828,35),(8005828,84),(8005828,158),(8005828,192),(8005831,35),(8005831,103),(8005831,158),(8005831,192),(8005833,35),(8005833,100),(8005833,158),(8005833,192),(8005834,35),(8005834,100),(8005834,158),(8005834,192),(8005835,35),(8005835,100),(8005835,158),(8005835,192),(8005838,35),(8005838,100),(8005838,158),(8005838,192),(8005845,38),(8005845,110),(8005845,158),(8005845,192),(8005851,67),(8005851,141),(8005851,158),(8005851,192),(8005858,35),(8005858,123),(8005858,158),(8005858,192),(8005859,35),(8005859,123),(8005859,158),(8005859,192),(8005860,57),(8005860,133),(8005860,158),(8005860,192),(8005885,76),(8005885,152),(8005885,158),(8005885,192),(8005886,76),(8005886,152),(8005886,158),(8005886,192),(8005887,76),(8005887,152),(8005887,158),(8005887,192),(8005889,35),(8005889,129),(8005889,158),(8005889,192),(8005894,35),(8005894,120),(8005894,158),(8005894,192),(8005922,8),(8005922,82),(8005922,158),(8005922,192),(8005923,8),(8005923,82),(8005923,158),(8005923,192),(8005924,8),(8005924,82),(8005924,158),(8005924,192),(8005927,8),(8005927,82),(8005927,158),(8005927,192),(8005937,35),(8005937,118),(8005937,158),(8005937,192),(8005944,35),(8005944,144),(8005944,158),(8005944,192),(8005946,35),(8005946,144),(8005946,158),(8005946,192),(8005950,11),(8005950,85),(8005950,158),(8005950,192),(8005989,35),(8005989,113),(8005989,158),(8005989,192),(8005995,35),(8005995,150),(8005995,158),(8005995,192),(8005996,35),(8005996,150),(8005996,158),(8005996,192),(8006021,19),(8006021,103),(8006021,158),(8006021,192),(8006022,19),(8006022,103),(8006022,158),(8006022,192),(8006057,32),(8006057,105),(8006057,158),(8006057,192),(8006064,35),(8006064,84),(8006064,158),(8006064,192),(8006074,12),(8006074,86),(8006074,158),(8006074,192),(8006075,12),(8006075,86),(8006075,158),(8006075,192),(8006076,12),(8006076,86),(8006076,158),(8006076,192),(8006077,32),(8006077,105),(8006077,158),(8006077,192),(8006079,35),(8006079,105),(8006079,158),(8006079,192),(8006081,32),(8006081,105),(8006081,158),(8006081,192),(8006082,35),(8006082,105),(8006082,158),(8006082,192),(8006086,35),(8006086,102),(8006086,158),(8006086,192),(8006134,35),(8006134,153),(8006134,158),(8006134,192),(8006135,35),(8006135,153),(8006135,158),(8006135,192),(8006136,35),(8006136,153),(8006136,158),(8006136,192),(8006153,35),(8006153,118),(8006153,158),(8006153,192),(8006154,48),(8006154,118),(8006154,158),(8006154,192),(8006155,48),(8006155,118),(8006155,158),(8006155,192),(8006170,74),(8006170,149),(8006170,158),(8006170,192),(8006171,74),(8006171,149),(8006171,158),(8006171,192),(8006173,35),(8006173,119),(8006173,158),(8006173,192),(8006174,35),(8006174,119),(8006174,158),(8006174,192),(8006183,35),(8006183,150),(8006183,158),(8006183,192),(8006184,35),(8006184,150),(8006184,158),(8006184,192),(8006185,35),(8006185,150),(8006185,158),(8006185,192),(8006186,35),(8006186,150),(8006186,158),(8006186,192),(8006188,35),(8006188,150),(8006188,158),(8006188,192),(8006190,35),(8006190,150),(8006190,158),(8006190,192),(8006191,35),(8006191,150),(8006191,158),(8006191,192),(8006206,35),(8006206,103),(8006206,158),(8006206,192),(8006207,35),(8006207,133),(8006207,158),(8006207,192),(8006208,44),(8006208,133),(8006208,158),(8006208,192),(8006209,44),(8006209,133),(8006209,158),(8006209,192),(8006210,35),(8006210,133),(8006210,158),(8006210,192),(8006211,44),(8006211,133),(8006211,158),(8006211,192),(8006212,44),(8006212,133),(8006212,158),(8006212,192),(8006213,44),(8006213,133),(8006213,158),(8006213,192),(8006217,35),(8006217,133),(8006217,158),(8006217,193),(8006218,44),(8006218,133),(8006218,158),(8006218,192),(8006221,29),(8006221,152),(8006221,158),(8006221,192),(8006225,76),(8006225,152),(8006225,158),(8006225,192),(8006226,76),(8006226,152),(8006226,158),(8006226,192),(8006228,76),(8006228,152),(8006228,158),(8006228,192),(8006229,76),(8006229,152),(8006229,158),(8006229,192),(8006230,76),(8006230,152),(8006230,158),(8006230,192),(8006231,76),(8006231,152),(8006231,158),(8006231,192),(8006232,76),(8006232,152),(8006232,158),(8006232,192),(8006234,76),(8006234,152),(8006234,158),(8006234,192),(8006235,29),(8006235,152),(8006235,158),(8006235,192),(8006236,76),(8006236,152),(8006236,158),(8006236,192),(8006247,12),(8006247,86),(8006247,158),(8006247,193),(8006257,65),(8006257,139),(8006257,158),(8006257,192),(8006258,35),(8006258,139),(8006258,158),(8006258,192),(8006261,35),(8006261,139),(8006261,158),(8006261,192),(8006262,35),(8006262,139),(8006262,158),(8006262,192),(8006263,65),(8006263,139),(8006263,158),(8006263,192),(8006269,68),(8006269,142),(8006269,158),(8006269,192),(8006271,68),(8006271,142),(8006271,158),(8006271,192),(8006273,68),(8006273,142),(8006273,158),(8006273,192),(8006274,68),(8006274,142),(8006274,158),(8006274,192),(8006275,68),(8006275,142),(8006275,158),(8006275,192),(8006276,68),(8006276,142),(8006276,158),(8006276,192),(8006277,68),(8006277,142),(8006277,158),(8006277,192),(8006278,68),(8006278,142),(8006278,158),(8006278,192),(8006280,68),(8006280,142),(8006280,158),(8006280,192),(8006288,54),(8006288,129),(8006288,158),(8006288,192),(8006289,54),(8006289,129),(8006289,158),(8006289,192),(8006290,35),(8006290,129),(8006290,158),(8006290,192),(8006297,8),(8006297,82),(8006297,158),(8006297,192),(8006298,8),(8006298,82),(8006298,158),(8006298,192),(8006305,35),(8006305,137),(8006305,158),(8006305,192),(8006313,35),(8006313,96),(8006313,158),(8006313,192),(8006313,193),(8006355,44),(8006355,133),(8006355,158),(8006355,192),(8006388,48),(8006388,118),(8006388,158),(8006388,192),(8006395,61),(8006395,149),(8006395,158),(8006395,193),(8006402,35),(8006402,144),(8006402,158),(8006402,192),(8006411,33),(8006411,106),(8006411,158),(8006411,192),(8006454,32),(8006454,105),(8006454,158),(8006454,192),(8006455,35),(8006455,105),(8006455,158),(8006455,192),(8006457,32),(8006457,105),(8006457,158),(8006457,192),(8006458,32),(8006458,105),(8006458,158),(8006458,192),(8006459,35),(8006459,105),(8006459,158),(8006459,192),(8006460,32),(8006460,105),(8006460,158),(8006460,192),(8006461,32),(8006461,105),(8006461,158),(8006461,192),(8006463,32),(8006463,105),(8006463,158),(8006463,192),(8006466,32),(8006466,105),(8006466,158),(8006466,192),(8006523,67),(8006523,141),(8006523,158),(8006523,192),(8006524,67),(8006524,141),(8006524,158),(8006524,192),(8006525,67),(8006525,141),(8006525,158),(8006525,192),(8006526,67),(8006526,141),(8006526,158),(8006526,192),(8006527,67),(8006527,141),(8006527,158),(8006527,192),(8006529,35),(8006529,133),(8006529,158),(8006529,192),(8006531,35),(8006531,133),(8006531,158),(8006531,192),(8006537,13),(8006537,129),(8006537,158),(8006537,192),(8006541,35),(8006541,130),(8006541,158),(8006541,192),(8006543,55),(8006543,130),(8006543,158),(8006543,192),(8006564,35),(8006564,129),(8006564,158),(8006564,192),(8006568,35),(8006568,129),(8006568,158),(8006568,192),(8006598,76),(8006598,152),(8006598,158),(8006598,192),(8006618,35),(8006618,133),(8006618,158),(8006618,192),(8006624,35),(8006624,124),(8006624,158),(8006624,192),(8006625,35),(8006625,124),(8006625,158),(8006625,192),(8006642,8),(8006642,82),(8006642,158),(8006642,192),(8006659,54),(8006659,129),(8006659,158),(8006659,192),(8006660,20),(8006660,129),(8006660,158),(8006660,192),(8006662,54),(8006662,129),(8006662,158),(8006662,192),(8006665,54),(8006665,129),(8006665,158),(8006665,192),(8006666,54),(8006666,129),(8006666,158),(8006666,192),(8006667,20),(8006667,129),(8006667,158),(8006667,192),(8006668,54),(8006668,129),(8006668,158),(8006668,192),(8006672,54),(8006672,129),(8006672,158),(8006672,192),(8006688,41),(8006688,113),(8006688,158),(8006688,192),(8006704,35),(8006704,130),(8006704,158),(8006704,192),(8006705,35),(8006705,130),(8006705,158),(8006705,192),(8006706,35),(8006706,130),(8006706,158),(8006706,192),(8006707,35),(8006707,130),(8006707,158),(8006707,192),(8006708,35),(8006708,130),(8006708,158),(8006708,192),(8006709,35),(8006709,130),(8006709,158),(8006709,192),(8006713,35),(8006713,130),(8006713,158),(8006713,192),(8006715,35),(8006715,130),(8006715,158),(8006715,192),(8006717,35),(8006717,130),(8006717,158),(8006717,192),(8006718,35),(8006718,130),(8006718,158),(8006718,192),(8006720,55),(8006720,130),(8006720,158),(8006720,192),(8006727,18),(8006727,84),(8006727,158),(8006727,192),(8006728,14),(8006728,84),(8006728,158),(8006728,192),(8006746,35),(8006746,104),(8006746,158),(8006746,192),(8006764,76),(8006764,152),(8006764,158),(8006764,192),(8006790,35),(8006790,130),(8006790,158),(8006790,192),(8006812,76),(8006812,152),(8006812,158),(8006812,192),(8006892,67),(8006892,141),(8006892,158),(8006892,192),(8006893,67),(8006893,141),(8006893,158),(8006893,192),(8006894,67),(8006894,141),(8006894,158),(8006894,192),(8006895,67),(8006895,141),(8006895,158),(8006895,192),(8006897,35),(8006897,144),(8006897,158),(8006897,192),(8006898,35),(8006898,144),(8006898,158),(8006898,192),(8006900,70),(8006900,144),(8006900,158),(8006900,192),(8006901,35),(8006901,144),(8006901,158),(8006901,192),(8006902,70),(8006902,144),(8006902,158),(8006902,192),(8006903,35),(8006903,144),(8006903,158),(8006903,192),(8006904,35),(8006904,144),(8006904,158),(8006904,192),(8006907,35),(8006907,144),(8006907,158),(8006907,192),(8006908,70),(8006908,144),(8006908,158),(8006908,192),(8006910,35),(8006910,144),(8006910,158),(8006910,192),(8006915,35),(8006915,144),(8006915,158),(8006915,192),(8006938,74),(8006938,149),(8006938,158),(8006938,192),(8006940,74),(8006940,149),(8006940,158),(8006940,192),(8006951,35),(8006951,133),(8006951,158),(8006951,192),(8006984,67),(8006984,141),(8006984,158),(8006984,192),(8006985,67),(8006985,141),(8006985,158),(8006985,192),(8006991,48),(8006991,118),(8006991,158),(8006991,192),(8006993,61),(8006993,118),(8006993,158),(8006993,193),(8007006,59),(8007006,113),(8007006,158),(8007006,192),(8007088,62),(8007088,136),(8007088,158),(8007088,192),(8007089,76),(8007089,152),(8007089,158),(8007089,192),(8007100,14),(8007100,84),(8007100,158),(8007100,192),(8007100,193),(8007106,35),(8007106,99),(8007106,158),(8007106,192),(8007107,35),(8007107,99),(8007107,158),(8007107,192),(8007108,35),(8007108,99),(8007108,158),(8007108,192),(8007122,35),(8007122,153),(8007122,158),(8007122,192),(8007128,35),(8007128,103),(8007128,158),(8007128,192),(8007130,35),(8007130,150),(8007130,158),(8007130,192),(8007139,32),(8007139,105),(8007139,158),(8007139,192),(8007141,35),(8007141,105),(8007141,158),(8007141,192),(8007144,35),(8007144,105),(8007144,158),(8007144,192),(8007195,35),(8007195,107),(8007195,158),(8007195,192),(8007203,35),(8007203,139),(8007203,158),(8007203,192),(8007211,59),(8007211,113),(8007211,158),(8007211,192),(8007212,59),(8007212,113),(8007212,158),(8007212,192),(8007213,59),(8007213,113),(8007213,158),(8007213,192),(8007214,59),(8007214,113),(8007214,158),(8007214,192),(8007215,41),(8007215,113),(8007215,158),(8007215,192),(8007216,41),(8007216,113),(8007216,158),(8007216,192),(8007217,59),(8007217,113),(8007217,158),(8007217,192),(8007218,59),(8007218,113),(8007218,158),(8007218,192),(8007219,59),(8007219,113),(8007219,158),(8007219,192),(8007220,59),(8007220,113),(8007220,158),(8007220,192),(8007221,71),(8007221,113),(8007221,158),(8007221,192),(8007222,59),(8007222,113),(8007222,158),(8007222,192),(8007223,59),(8007223,113),(8007223,158),(8007223,192),(8007225,59),(8007225,113),(8007225,158),(8007225,192),(8007226,41),(8007226,113),(8007226,158),(8007226,192),(8007227,59),(8007227,113),(8007227,158),(8007227,192),(8007228,71),(8007228,113),(8007228,158),(8007228,192),(8007229,59),(8007229,113),(8007229,158),(8007229,192),(8007230,41),(8007230,113),(8007230,158),(8007230,192),(8007252,52),(8007252,136),(8007252,158),(8007252,192),(8007253,52),(8007253,136),(8007253,158),(8007253,192),(8007270,51),(8007270,141),(8007270,158),(8007270,192),(8007275,73),(8007275,146),(8007275,158),(8007275,192),(8007311,35),(8007311,105),(8007311,158),(8007311,192),(8007312,35),(8007312,105),(8007312,158),(8007312,192),(8007313,35),(8007313,105),(8007313,158),(8007313,192),(8007314,35),(8007314,105),(8007314,158),(8007314,192),(8007316,15),(8007316,105),(8007316,158),(8007316,192),(8007317,35),(8007317,105),(8007317,158),(8007317,192),(8007318,15),(8007318,105),(8007318,158),(8007318,192),(8007323,35),(8007323,127),(8007323,158),(8007323,192),(8007343,35),(8007343,144),(8007343,158),(8007343,192),(8007344,35),(8007344,144),(8007344,158),(8007344,192),(8007348,35),(8007348,105),(8007348,158),(8007348,192),(8007350,35),(8007350,105),(8007350,158),(8007350,192),(8007351,35),(8007351,105),(8007351,158),(8007351,192),(8007356,48),(8007356,118),(8007356,158),(8007356,192),(8007359,51),(8007359,141),(8007359,158),(8007359,192),(8007360,51),(8007360,141),(8007360,158),(8007360,192),(8007361,51),(8007361,141),(8007361,158),(8007361,192),(8007362,51),(8007362,141),(8007362,158),(8007362,192),(8007363,51),(8007363,141),(8007363,158),(8007363,192),(8007376,49),(8007376,121),(8007376,158),(8007376,192),(8007377,47),(8007377,121),(8007377,158),(8007377,192),(8007378,49),(8007378,121),(8007378,158),(8007378,192),(8007389,29),(8007389,152),(8007389,158),(8007389,192),(8007390,29),(8007390,152),(8007390,158),(8007390,192),(8007392,29),(8007392,152),(8007392,158),(8007392,192),(8007394,29),(8007394,152),(8007394,158),(8007394,192),(8007398,54),(8007398,129),(8007398,158),(8007398,192),(8007399,54),(8007399,129),(8007399,158),(8007399,192),(8007400,13),(8007400,129),(8007400,158),(8007400,192),(8007401,54),(8007401,129),(8007401,158),(8007401,192),(8007402,54),(8007402,129),(8007402,158),(8007402,192),(8007403,40),(8007403,129),(8007403,158),(8007403,192),(8007404,20),(8007404,129),(8007404,158),(8007404,192),(8007405,54),(8007405,129),(8007405,158),(8007405,192),(8007406,54),(8007406,129),(8007406,158),(8007406,192),(8007407,20),(8007407,129),(8007407,158),(8007407,192),(8007415,67),(8007415,141),(8007415,158),(8007415,192),(8007416,67),(8007416,141),(8007416,158),(8007416,192),(8007444,67),(8007444,141),(8007444,158),(8007444,192),(8007445,67),(8007445,141),(8007445,158),(8007445,192),(8007447,76),(8007447,152),(8007447,158),(8007447,192),(8007451,76),(8007451,152),(8007451,158),(8007451,192),(8007452,58),(8007452,134),(8007452,158),(8007452,192),(8007462,35),(8007462,117),(8007462,158),(8007462,192),(8007496,71),(8007496,113),(8007496,158),(8007496,192),(8007519,35),(8007519,133),(8007519,158),(8007519,192),(8007520,74),(8007520,133),(8007520,158),(8007520,192),(8007521,35),(8007521,133),(8007521,158),(8007521,192),(8007534,35),(8007534,83),(8007534,158),(8007534,192),(8007548,35),(8007548,85),(8007548,158),(8007548,192),(8007550,35),(8007550,105),(8007550,158),(8007550,192),(8007553,74),(8007553,149),(8007553,158),(8007553,192),(8007554,74),(8007554,149),(8007554,158),(8007554,192),(8007555,74),(8007555,149),(8007555,158),(8007555,192),(8007556,74),(8007556,149),(8007556,158),(8007556,192),(8007582,35),(8007582,144),(8007582,158),(8007582,192),(8007583,35),(8007583,144),(8007583,158),(8007583,192),(8007584,35),(8007584,144),(8007584,158),(8007584,192),(8007596,35),(8007596,150),(8007596,158),(8007596,192),(8007619,20),(8007619,129),(8007619,158),(8007619,192),(8007620,20),(8007620,129),(8007620,158),(8007620,192),(8007621,20),(8007621,129),(8007621,158),(8007621,192),(8007622,20),(8007622,129),(8007622,158),(8007622,192),(8007623,20),(8007623,129),(8007623,158),(8007623,192),(8007627,48),(8007627,118),(8007627,158),(8007627,192),(8007628,35),(8007628,118),(8007628,158),(8007628,192),(8007629,48),(8007629,118),(8007629,158),(8007629,192),(8007630,35),(8007630,118),(8007630,158),(8007630,192),(8007632,48),(8007632,118),(8007632,158),(8007632,192),(8007636,35),(8007636,129),(8007636,158),(8007636,192),(8007663,35),(8007663,132),(8007663,158),(8007663,192),(8007740,35),(8007740,105),(8007740,158),(8007740,192),(8007742,35),(8007742,87),(8007742,158),(8007742,192),(8007743,35),(8007743,87),(8007743,158),(8007743,192),(8007751,35),(8007751,111),(8007751,158),(8007751,192),(8007752,35),(8007752,111),(8007752,158),(8007752,192),(8007756,35),(8007756,144),(8007756,158),(8007756,192),(8007757,35),(8007757,144),(8007757,158),(8007757,192),(8007758,35),(8007758,144),(8007758,158),(8007758,192),(8007765,35),(8007765,117),(8007765,158),(8007765,192),(8007777,35),(8007777,95),(8007777,158),(8007777,192),(8007785,76),(8007785,152),(8007785,158),(8007785,192),(8007790,72),(8007790,145),(8007790,158),(8007790,192),(8007796,72),(8007796,145),(8007796,158),(8007796,192),(8007799,39),(8007799,145),(8007799,158),(8007799,192),(8007810,76),(8007810,152),(8007810,158),(8007810,192),(8007811,76),(8007811,152),(8007811,158),(8007811,192),(8007832,35),(8007832,102),(8007832,158),(8007832,192),(8007841,35),(8007841,98),(8007841,158),(8007841,192),(8007858,35),(8007858,101),(8007858,158),(8007858,192),(8007858,193),(8007866,67),(8007866,141),(8007866,158),(8007866,192),(8007869,67),(8007869,141),(8007869,158),(8007869,192),(8007870,67),(8007870,141),(8007870,158),(8007870,192),(8007877,61),(8007877,118),(8007877,158),(8007877,193),(8007896,67),(8007896,141),(8007896,158),(8007896,192),(8007897,67),(8007897,141),(8007897,158),(8007897,192),(8007900,67),(8007900,141),(8007900,158),(8007900,192),(8007903,51),(8007903,141),(8007903,158),(8007903,192),(8007904,51),(8007904,141),(8007904,158),(8007904,192),(8007905,67),(8007905,141),(8007905,158),(8007905,192),(8007906,29),(8007906,152),(8007906,158),(8007906,192),(8007909,16),(8007909,113),(8007909,158),(8007909,192),(8007938,10),(8007938,84),(8007938,158),(8007938,192),(8007939,35),(8007939,84),(8007939,158),(8007939,192),(8007940,35),(8007940,84),(8007940,158),(8007940,192),(8007943,74),(8007943,149),(8007943,158),(8007943,192),(8007969,32),(8007969,105),(8007969,158),(8007969,192),(8007970,61),(8007970,84),(8007970,158),(8007970,193),(8007971,50),(8007971,84),(8007971,158),(8007971,192),(8007971,193),(8007972,61),(8007972,84),(8007972,158),(8007972,193),(8007975,64),(8007975,84),(8007975,158),(8007975,192),(8007976,75),(8007976,151),(8007976,158),(8007976,192),(8007977,35),(8007977,151),(8007977,158),(8007977,192),(8007978,35),(8007978,84),(8007978,158),(8007978,192),(8007979,75),(8007979,151),(8007979,158),(8007979,192),(8007996,35),(8007996,117),(8007996,158),(8007996,192),(8008000,35),(8008000,117),(8008000,158),(8008000,192),(8008001,35),(8008001,117),(8008001,158),(8008001,192),(8008002,35),(8008002,117),(8008002,158),(8008002,192),(8008007,35),(8008007,117),(8008007,158),(8008007,192),(8008014,35),(8008014,143),(8008014,158),(8008014,192),(8008018,69),(8008018,143),(8008018,158),(8008018,192),(8008019,69),(8008019,143),(8008019,158),(8008019,192),(8008020,69),(8008020,143),(8008020,158),(8008020,192),(8008021,69),(8008021,143),(8008021,158),(8008021,192),(8008025,69),(8008025,143),(8008025,158),(8008025,192),(8008026,69),(8008026,143),(8008026,158),(8008026,192),(8008027,69),(8008027,143),(8008027,158),(8008027,192),(8008031,69),(8008031,143),(8008031,158),(8008031,192),(8008032,69),(8008032,143),(8008032,158),(8008032,192),(8008035,69),(8008035,143),(8008035,158),(8008035,192),(8008036,69),(8008036,143),(8008036,158),(8008036,192),(8008037,69),(8008037,143),(8008037,158),(8008037,192),(8008038,69),(8008038,143),(8008038,158),(8008038,192),(8008039,69),(8008039,143),(8008039,158),(8008039,192),(8008040,69),(8008040,143),(8008040,158),(8008040,192),(8008043,35),(8008043,143),(8008043,158),(8008043,192),(8008046,69),(8008046,143),(8008046,158),(8008046,192),(8008047,69),(8008047,143),(8008047,158),(8008047,192),(8008048,35),(8008048,143),(8008048,158),(8008048,192),(8008050,69),(8008050,143),(8008050,158),(8008050,192),(8008051,69),(8008051,143),(8008051,158),(8008051,192),(8008053,35),(8008053,143),(8008053,158),(8008053,192),(8008054,35),(8008054,143),(8008054,158),(8008054,192),(8008055,35),(8008055,143),(8008055,158),(8008055,192),(8008056,35),(8008056,143),(8008056,158),(8008056,192),(8008059,35),(8008059,143),(8008059,158),(8008059,192),(8008064,44),(8008064,133),(8008064,158),(8008064,192),(8008065,35),(8008065,133),(8008065,158),(8008065,192),(8008066,35),(8008066,133),(8008066,158),(8008066,192),(8008069,35),(8008069,133),(8008069,158),(8008069,192),(8008070,35),(8008070,133),(8008070,158),(8008070,192),(8008071,35),(8008071,153),(8008071,158),(8008071,192),(8008072,36),(8008072,133),(8008072,158),(8008072,192),(8008074,44),(8008074,133),(8008074,158),(8008074,192),(8008075,36),(8008075,133),(8008075,158),(8008075,192),(8008076,36),(8008076,133),(8008076,158),(8008076,192),(8008077,36),(8008077,133),(8008077,158),(8008077,192),(8008083,35),(8008083,129),(8008083,158),(8008083,192),(8008105,35),(8008105,103),(8008105,158),(8008105,192),(8008106,35),(8008106,103),(8008106,158),(8008106,192),(8008109,35),(8008109,103),(8008109,158),(8008109,192),(8008113,35),(8008113,103),(8008113,158),(8008113,192),(8008117,35),(8008117,88),(8008117,158),(8008117,192),(8008118,35),(8008118,88),(8008118,158),(8008118,192),(8008119,35),(8008119,88),(8008119,158),(8008119,192),(8008123,76),(8008123,152),(8008123,158),(8008123,192),(8008124,76),(8008124,152),(8008124,158),(8008124,192),(8008126,76),(8008126,152),(8008126,158),(8008126,192),(8008127,29),(8008127,152),(8008127,158),(8008127,192),(8008128,76),(8008128,152),(8008128,158),(8008128,192),(8008131,29),(8008131,152),(8008131,158),(8008131,192),(8008133,76),(8008133,152),(8008133,158),(8008133,192),(8008134,76),(8008134,152),(8008134,158),(8008134,192),(8008179,35),(8008179,128),(8008179,158),(8008179,192),(8008182,35),(8008182,80),(8008182,158),(8008182,192),(8008191,35),(8008191,102),(8008191,158),(8008191,192),(8008192,48),(8008192,118),(8008192,158),(8008192,192),(8008247,35),(8008247,97),(8008247,158),(8008247,192),(8008249,30),(8008249,97),(8008249,158),(8008249,192),(8008266,52),(8008266,136),(8008266,158),(8008266,192),(8008287,10),(8008287,84),(8008287,158),(8008287,192),(8008287,193),(8008288,10),(8008288,84),(8008288,158),(8008288,192),(8008288,193),(8008289,35),(8008289,84),(8008289,158),(8008289,192),(8008290,10),(8008290,84),(8008290,158),(8008290,192),(8008290,193),(8008291,10),(8008291,84),(8008291,158),(8008291,192),(8008292,10),(8008292,84),(8008292,158),(8008292,192),(8008292,193),(8008305,77),(8008305,105),(8008305,158),(8008305,192),(8008307,57),(8008307,133),(8008307,158),(8008307,192),(8008308,57),(8008308,133),(8008308,158),(8008308,192),(8008309,35),(8008309,133),(8008309,158),(8008309,192),(8008311,57),(8008311,133),(8008311,158),(8008311,192),(8008312,57),(8008312,133),(8008312,158),(8008312,192),(8008317,35),(8008317,133),(8008317,158),(8008317,192),(8008320,31),(8008320,147),(8008320,158),(8008320,192),(8008339,15),(8008339,105),(8008339,158),(8008339,192),(8008341,15),(8008341,105),(8008341,158),(8008341,192),(8008343,35),(8008343,98),(8008343,158),(8008343,192),(8008347,67),(8008347,141),(8008347,158),(8008347,192),(8008349,67),(8008349,141),(8008349,158),(8008349,192),(8008362,67),(8008362,141),(8008362,158),(8008362,192),(8008386,35),(8008386,144),(8008386,158),(8008386,192),(8008398,60),(8008398,136),(8008398,158),(8008398,192),(8008398,193),(8008427,48),(8008427,118),(8008427,158),(8008427,192),(8008437,67),(8008437,141),(8008437,158),(8008437,192),(8008457,48),(8008457,118),(8008457,158),(8008457,192),(8008533,29),(8008533,152),(8008533,158),(8008533,192),(8008535,12),(8008535,86),(8008535,158),(8008535,192),(8008569,20),(8008569,129),(8008569,158),(8008569,192),(8009045,61),(8009045,149),(8009045,158),(8009045,193),(8009226,12),(8009226,86),(8009226,158),(8009226,192),(8009293,12),(8009293,86),(8009293,158),(8009293,192),(8009944,20),(8009944,129),(8009944,158),(8009944,192),(8010079,44),(8010079,133),(8010079,158),(8010079,192),(8010085,35),(8010085,133),(8010085,158),(8010085,192),(8010766,62),(8010766,136),(8010766,158),(8010766,192),(8010773,52),(8010773,136),(8010773,158),(8010773,192),(8011063,12),(8011063,86),(8011063,158),(8011063,192),(8019313,67),(8019313,141),(8019313,158),(8019313,192),(8019321,48),(8019321,118),(8019321,158),(8019321,192),(8019325,52),(8019325,136),(8019325,158),(8019325,192),(8019371,35),(8019371,99),(8019371,158),(8019371,192),(8019373,35),(8019373,149),(8019373,158),(8019373,192),(8019376,55),(8019376,130),(8019376,158),(8019376,192),(8020033,54),(8020033,129),(8020033,158),(8020033,192),(8020104,35),(8020104,148),(8020104,158),(8020104,192),(8020104,193),(8020107,35),(8020107,99),(8020107,158),(8020107,192),(8020108,35),(8020108,99),(8020108,158),(8020108,192);
/*!40000 ALTER TABLE `peces_propiedades` ENABLE KEYS */;
UNLOCK TABLES;

--
-- Table structure for table `propiedades`
--

DROP TABLE IF EXISTS `propiedades`;
/*!40101 SET @saved_cs_client     = @@character_set_client */;
/*!40101 SET character_set_client = utf8 */;
CREATE TABLE `propiedades` (
  `id` int(11) NOT NULL AUTO_INCREMENT,
  `nombre_propiedad` varchar(255) NOT NULL,
  `tipo_propiedad` varchar(255) NOT NULL,
  `ancestry` varchar(255) DEFAULT NULL,
  PRIMARY KEY (`id`)
) ENGINE=InnoDB AUTO_INCREMENT=317 DEFAULT CHARSET=utf8 COMMENT='Tipo de propiedades como: distribucion, arte de pesca, grupos y demas que apliquen';
/*!40101 SET character_set_client = @saved_cs_client */;

--
-- Dumping data for table `propiedades`
--

LOCK TABLES `propiedades` WRITE;
/*!40000 ALTER TABLE `propiedades` DISABLE KEYS */;
INSERT INTO `propiedades` VALUES (1,'Abulón','Grupo Carta Pesquera 2012','null'),(2,'Almeja','Grupo Carta Pesquera 2012','null'),(3,'Almeja catarina','Grupo Carta Pesquera 2012','null'),(4,'Almeja generosa o de sifón','Grupo Carta Pesquera 2012','null'),(5,'Almeja mano de léon','Grupo Carta Pesquera 2012','null'),(6,'Almeja pata de mula','Grupo Carta Pesquera 2012','null'),(7,'Almeja roñosa','Grupo Carta Pesquera 2012','null'),(8,'Anchovetas','Grupo Carta Pesquera 2012','null'),(9,'Anguilas','Grupo Carta Pesquera 2012','null'),(10,'Atunes','Grupo Carta Pesquera 2012','null'),(11,'Bacalaos','Grupo Carta Pesquera 2012','null'),(12,'Bagres','Grupo Carta Pesquera 2012','null'),(13,'Baquetas','Grupo Carta Pesquera 2012','null'),(14,'Barriletes','Grupo Carta Pesquera 2012','null'),(15,'Berrugatas','Grupo Carta Pesquera 2012','null'),(16,'Besugos','Grupo Carta Pesquera 2012','null'),(17,'Bola de cañón','Grupo Carta Pesquera 2012','null'),(18,'Bonitos','Grupo Carta Pesquera 2012','null'),(19,'Botetes','Grupo Carta Pesquera 2012','null'),(20,'Cabrillas','Grupo Carta Pesquera 2012','null'),(21,'Calamar gigante','Grupo Carta Pesquera 2012','null'),(22,'Callo de hacha','Grupo Carta Pesquera 2012','null'),(23,'Camarón del Atlántico','Grupo Carta Pesquera 2012','null'),(24,'Camarón del Pacífico','Grupo Carta Pesquera 2012','null'),(25,'Camarones','Grupo Carta Pesquera 2012','null'),(26,'Cangrejos','Grupo Carta Pesquera 2012','null'),(27,'Caracol chino rosa y negro','Grupo Carta Pesquera 2012','null'),(28,'Caracoles','Grupo Carta Pesquera 2012','null'),(29,'Cazones','Grupo Carta Pesquera 2012','null'),(30,'Chiles','Grupo Carta Pesquera 2012','null'),(31,'Cintillas','Grupo Carta Pesquera 2012','null'),(32,'Corvinas','Grupo Carta Pesquera 2012','null'),(33,'Dorados','Grupo Carta Pesquera 2012','null'),(34,'Erizos','Grupo Carta Pesquera 2012','null'),(35,'Escama','Grupo Carta Pesquera 2012','null'),(36,'Esmedregales','Grupo Carta Pesquera 2012','null'),(37,'Estrella de mar','Grupo Carta Pesquera 2012','null'),(38,'Esturiones','Grupo Carta Pesquera 2012','null'),(39,'Gallinetas','Grupo Carta Pesquera 2012','null'),(40,'Garropas','Grupo Carta Pesquera 2012','null'),(41,'Huachinangos','Grupo Carta Pesquera 2012','null'),(42,'Importado','Grupo Carta Pesquera 2012','null'),(43,'Jaibas','Grupo Carta Pesquera 2012','null'),(44,'Jureles','Grupo Carta Pesquera 2012','null'),(45,'Langostas','Grupo Carta Pesquera 2012','null'),(46,'Langostinos','Grupo Carta Pesquera 2012','null'),(47,'Lebranchas','Grupo Carta Pesquera 2012','null'),(48,'Lenguados','Grupo Carta Pesquera 2012','null'),(49,'Lisas','Grupo Carta Pesquera 2012','null'),(50,'Macarelas','Grupo Carta Pesquera 2012','null'),(51,'Mantarrayas','Grupo Carta Pesquera 2012','null'),(52,'Marlines','Grupo Carta Pesquera 2012','null'),(53,'Mejillones','Grupo Carta Pesquera 2012','null'),(54,'Meros','Grupo Carta Pesquera 2012','null'),(55,'Mojarras','Grupo Carta Pesquera 2012','null'),(56,'Ostiones','Grupo Carta Pesquera 2012','null'),(57,'Pámpanos','Grupo Carta Pesquera 2012','null'),(58,'Papagallos','Grupo Carta Pesquera 2012','null'),(59,'Pargos','Grupo Carta Pesquera 2012','null'),(60,'Peces espada','Grupo Carta Pesquera 2012','null'),(61,'Peces importados','Grupo Carta Pesquera 2012','null'),(62,'Peces vela','Grupo Carta Pesquera 2012','null'),(63,'Pepinos de mar','Grupo Carta Pesquera 2012','null'),(64,'Petos','Grupo Carta Pesquera 2012','null'),(65,'Piernas','Grupo Carta Pesquera 2012','null'),(66,'Pulpos','Grupo Carta Pesquera 2012','null'),(67,'Rayas','Grupo Carta Pesquera 2012','null'),(68,'Robalos','Grupo Carta Pesquera 2012','null'),(69,'Rocotes','Grupo Carta Pesquera 2012','null'),(70,'Roncos','Grupo Carta Pesquera 2012','null'),(71,'Rubia-Villajaibas','Grupo Carta Pesquera 2012','null'),(72,'Rubios','Grupo Carta Pesquera 2012','null'),(73,'Sábalos','Grupo Carta Pesquera 2012','null'),(74,'Sardinas','Grupo Carta Pesquera 2012','null'),(75,'Sierras','Grupo Carta Pesquera 2012','null'),(76,'Tiburones','Grupo Carta Pesquera 2012','null'),(77,'Totoaba','Grupo Carta Pesquera 2012','null'),(78,'Abulones','Grupo CONABIO','null'),(79,'Acociles','Grupo CONABIO','null'),(80,'Agujones','Grupo CONABIO','null'),(81,'Almejas','Grupo CONABIO','null'),(82,'Anchovetas','Grupo CONABIO','null'),(83,'Anguilas','Grupo CONABIO','null'),(84,'Atunes, Barriletes, Bonitos, Macarelas, Petos y Sierras ','Grupo CONABIO','null'),(85,'Bacalaos','Grupo CONABIO','null'),(86,'Bagres','Grupo CONABIO','null'),(87,'Barbudos','Grupo CONABIO','null'),(88,'Barracudas','Grupo CONABIO','null'),(89,'Basa','Grupo CONABIO','null'),(90,'Calamares','Grupo CONABIO','null'),(91,'Callos de hacha','Grupo CONABIO','null'),(92,'Camarones','Grupo CONABIO','null'),(93,'Cangrejos','Grupo CONABIO','null'),(94,'Caracoles','Grupo CONABIO','null'),(95,'Catalufas','Grupo CONABIO','null'),(96,'Chanos','Grupo CONABIO','null'),(97,'Chiles','Grupo CONABIO','null'),(98,'Chivos','Grupo CONABIO','null'),(99,'Chopas','Grupo CONABIO','null'),(100,'Cirujanos','Grupo CONABIO','null'),(101,'Cobias','Grupo CONABIO','null'),(102,'Cochitos','Grupo CONABIO','null'),(103,'Cofres y Botetes ','Grupo CONABIO','null'),(104,'Cornetas','Grupo CONABIO','null'),(105,'Corvinas y Berrugatas','Grupo CONABIO','null'),(106,'Dorados','Grupo CONABIO','null'),(107,'Dormilonas','Grupo CONABIO','null'),(108,'Erizos','Grupo CONABIO','null'),(109,'Estrellas marinas','Grupo CONABIO','null'),(110,'Esturiones','Grupo CONABIO','null'),(111,'Gallinetas','Grupo CONABIO','null'),(112,'Guavinas','Grupo CONABIO','null'),(113,'Huachinangos y Pargos','Grupo CONABIO','null'),(114,'Jaibas','Grupo CONABIO','null'),(115,'Langostas','Grupo CONABIO','null'),(116,'Langostinos','Grupo CONABIO','null'),(117,'Lapones y Escorpiones','Grupo CONABIO','null'),(118,'Lenguados','Grupo CONABIO','null'),(119,'Lenguas','Grupo CONABIO','null'),(120,'Lijas','Grupo CONABIO','null'),(121,'Lisas y Lebranchas','Grupo CONABIO','null'),(122,'Lubinas','Grupo CONABIO','null'),(123,'Macabís','Grupo CONABIO','null'),(124,'Machetes','Grupo CONABIO','null'),(125,'Medusas','Grupo CONABIO','null'),(126,'Mejillones ','Grupo CONABIO','null'),(127,'Merluzas','Grupo CONABIO','null'),(128,'Meros','Grupo CONABIO','null'),(129,'Meros y Cabrillas','Grupo CONABIO','null'),(130,'Mojarras','Grupo CONABIO','null'),(131,'Ostiones','Grupo CONABIO','null'),(132,'Palometas','Grupo CONABIO','null'),(133,'Pampanos y Jureles','Grupo CONABIO','null'),(134,'Papagallos','Grupo CONABIO','null'),(135,'Pata de mula','Grupo CONABIO','null'),(136,'Peces vela, Marlines y Picudos','Grupo CONABIO','null'),(137,'Peluqueros','Grupo CONABIO','null'),(138,'Pepinos de mar','Grupo CONABIO','null'),(139,'Piernas y Conejos','Grupo CONABIO','null'),(140,'Pulpos','Grupo CONABIO','null'),(141,'Rayas y Mantarrayas','Grupo CONABIO','null'),(142,'Robalos','Grupo CONABIO','null'),(143,'Rocotes','Grupo CONABIO','null'),(144,'Roncos y Burritos','Grupo CONABIO','null'),(145,'Rubios','Grupo CONABIO','null'),(146,'Sábalos','Grupo CONABIO','null'),(147,'Sables o Cintillas','Grupo CONABIO','null'),(148,'Salmones','Grupo CONABIO','null'),(149,'Sardinas','Grupo CONABIO','null'),(150,'Sargos y Mojarrones','Grupo CONABIO','null'),(151,'Sierras','Grupo CONABIO','null'),(152,'Tiburones y Cazones','Grupo CONABIO','null'),(153,'Viejas y señoritas','Grupo CONABIO','null'),(154,'Camarones y cangrejos','Grupo','null'),(155,'Caracoles, almejas y ostiones','Grupo','null'),(156,'Estrellas, erizos y pepinos de mar','Grupo','null'),(157,'Medusas','Grupo','null'),(158,'Peces','Grupo','null'),(159,'Sujeta a protección especial','Norma Oficial Mexicana 059 SEMARNAT-2010','null'),(160,'Extinto en vida silvestre','Norma Oficial Mexicana 059 SEMARNAT-2010','null'),(161,'Amenazada','Norma Oficial Mexicana 059 SEMARNAT-2010','null'),(162,'En peligro de extinción','Norma Oficial Mexicana 059 SEMARNAT-2010','null'),(163,'Baja preocupación','Lista roja IUCN 2016-3','null'),(164,'Casi amenazada','Lista roja IUCN 2016-3','null'),(165,'Deficiente en datos','Lista roja IUCN 2016-3','null'),(166,'En peligro','Lista roja IUCN 2016-3','null'),(167,'En peligro crítico','Lista roja IUCN 2016-3','null'),(168,'No evaluado','Lista roja IUCN 2016-3','null'),(169,'Vulnerable','Lista roja IUCN 2016-3','null'),(170,'Selectiva','Tipo de captura','null'),(171,'No Selectiva','Tipo de captura','null'),(172,'Sin Datos','Tipo de captura','null'),(173,'Permanente','Tipo de Veda','null'),(174,'Temporal fija','Tipo de Veda','null'),(175,'Temporal variable','Tipo de Veda','null'),(176,'BP','Pesquerías en vías de sustentabilidad ','195'),(177,'BP','Pesquerías en vías de sustentabilidad ','196'),(178,'BP','Pesquerías en vías de sustentabilidad ','197'),(179,'FIP','Pesquerías en vías de sustentabilidad ','197'),(180,'MBA','Pesquerías en vías de sustentabilidad ','197'),(181,'MSC','Pesquerías en vías de sustentabilidad ','197'),(182,'MS','Pesquerías en vías de sustentabilidad ','197'),(183,'BP','Pesquerías en vías de sustentabilidad ','211'),(184,'MBA','Pesquerías en vías de sustentabilidad ','216'),(185,'FIP','Pesquerías en vías de sustentabilidad ','216'),(186,'MSC','Pesquerías en vías de sustentabilidad ','218'),(187,'MSC','Pesquerías en vías de sustentabilidad ','211'),(188,'FIP','Pesquerías en vías de sustentabilidad ','219'),(189,'MSC','Pesquerías en vías de sustentabilidad ','219'),(190,'FIP','Pesquerías en vías de sustentabilidad ','224'),(191,'MBA','Pesquerías en vías de sustentabilidad ','219'),(192,'nacional','Procedencia','null'),(193,'internacional ','Procedencia','null'),(194,'introducido','Procedencia','null'),(195,' Aguascalientes','estado','null'),(196,' Baja California','estado','311'),(197,' Baja California Sur','estado','311'),(198,' Campeche','estado','315'),(199,' Chihuahua','estado','null'),(200,' Chiapas','estado','313'),(201,' Coahuila','estado','null'),(202,' Colima','estado','313'),(203,' Durango','estado','null'),(204,' Guanajuato','estado','null'),(205,' Guerrero','estado','313'),(206,' Hidalgo','estado','null'),(207,' Jalisco','estado','313'),(208,' México','estado','null'),(209,' Michoacán','estado','null'),(210,' Morelos','estado','null'),(211,' Nayarit','estado','312'),(212,' Nuevo León','estado','null'),(213,' Oaxaca','estado','313'),(214,' Puebla','estado','null'),(215,' Querétaro','estado','null'),(216,' Quintana Roo','estado','316'),(217,' San Luis Potosí','estado','null'),(218,' Sinaloa','estado','312'),(219,' Sonora','estado','312'),(220,' Tabasco','estado','315'),(221,' Tamaulipas','estado','314'),(222,' Tlaxcala','estado','null'),(223,' Veracruz','estado','314'),(224,' Yucatán','estado','315'),(225,' Zacatecas','estado','null'),(226,'Con potencial de desarrollo','zona pacifico','311/196'),(227,'En deterioro','zona pacifico','311/196'),(228,'Máximo aprovechamiento permisible','zona pacifico','311/196'),(229,'En recuperación','zona pacifico','311/196'),(230,'Estatus no definido','zona pacifico','311/196'),(231,'No se distribuye','zona pacifico','311/196'),(232,'Con potencial de desarrollo','zona pacifico','311/197'),(233,'En deterioro','zona pacifico','311/197'),(234,'Máximo aprovechamiento permisible','zona pacifico','311/197'),(235,'En recuperación','zona pacifico','311/197'),(236,'Estatus no definido','zona pacifico','311/197'),(237,'No se distribuye','zona pacifico','311/197'),(238,'Con potencial de desarrollo','zona pacifico','312/219'),(239,'En deterioro','zona pacifico','312/219'),(240,'Máximo aprovechamiento permisible','zona pacifico','312/219'),(241,'En recuperación','zona pacifico','312/219'),(242,'Estatus no definido','zona pacifico','312/219'),(243,'No se distribuye','zona pacifico','312/219'),(244,'Con potencial de desarrollo','zona pacifico','312/218'),(245,'En deterioro','zona pacifico','312/218'),(246,'Máximo aprovechamiento permisible','zona pacifico','312/218'),(247,'En recuperación','zona pacifico','312/218'),(248,'Estatus no definido','zona pacifico','312/218'),(249,'No se distribuye','zona pacifico','312/218'),(250,'Con potencial de desarrollo','zona pacifico','312/211'),(251,'En deterioro','zona pacifico','312/211'),(252,'Máximo aprovechamiento permisible','zona pacifico','312/211'),(253,'En recuperación','zona pacifico','312/211'),(254,'Estatus no definido','zona pacifico','312/211'),(255,'No se distribuye','zona pacifico','312/211'),(256,'Con potencial de desarrollo','zona pacifico','313/207'),(257,'En deterioro','zona pacifico','313/207'),(258,'Estatus no definido','zona pacifico','313/207'),(259,'Máximo aprovechamiento permisible','zona pacifico','313/207'),(260,'No se distribuye','zona pacifico','313/207'),(261,'Con potencial de desarrollo','zona pacifico','313/202'),(262,'En deterioro','zona pacifico','313/202'),(263,'Estatus no definido','zona pacifico','313/202'),(264,'Máximo aprovechamiento permisible','zona pacifico','313/202'),(265,'No se distribuye','zona pacifico','313/202'),(266,'Con potencial de desarrollo','zona pacifico','313/205'),(267,'En deterioro','zona pacifico','313/205'),(268,'Estatus no definido','zona pacifico','313/205'),(269,'Máximo aprovechamiento permisible','zona pacifico','313/205'),(270,'No se distribuye','zona pacifico','313/205'),(271,'Con potencial de desarrollo','zona pacifico','313/213'),(272,'En deterioro','zona pacifico','313/213'),(273,'Estatus no definido','zona pacifico','313/213'),(274,'Máximo aprovechamiento permisible','zona pacifico','313/213'),(275,'No se distribuye','zona pacifico','313/213'),(276,'Con potencial de desarrollo','zona pacifico','313/200'),(277,'En deterioro','zona pacifico','313/200'),(278,'Estatus no definido','zona pacifico','313/200'),(279,'Máximo aprovechamiento permisible','zona pacifico','313/200'),(280,'No se distribuye','zona pacifico','313/200'),(281,'Con potencial de desarrollo','zona golfo y caribe','314/221'),(282,'En deterioro','zona golfo y caribe','314/221'),(283,'Estatus no definido','zona golfo y caribe','314/221'),(284,'Máximo aprovechamiento permisible','zona golfo y caribe','314/221'),(285,'No se distribuye','zona golfo y caribe','314/221'),(286,'Con potencial de desarrollo','zona golfo y caribe','314/223'),(287,'En deterioro','zona golfo y caribe','314/223'),(288,'Estatus no definido','zona golfo y caribe','314/223'),(289,'Máximo aprovechamiento permisible','zona golfo y caribe','314/223'),(290,'No se distribuye','zona golfo y caribe','314/223'),(291,'Con potencial de desarrollo','zona golfo y caribe','315/220'),(292,'En deterioro','zona golfo y caribe','315/220'),(293,'Estatus no definido','zona golfo y caribe','315/220'),(294,'Máximo aprovechamiento permisible','zona golfo y caribe','315/220'),(295,'No se distribuye','zona golfo y caribe','315/220'),(296,'Con potencial de desarrollo','zona golfo y caribe','315/198'),(297,'En deterioro','zona golfo y caribe','315/198'),(298,'Estatus no definido','zona golfo y caribe','315/198'),(299,'Máximo aprovechamiento permisible','zona golfo y caribe','315/198'),(300,'No se distribuye','zona golfo y caribe','315/198'),(301,'Con potencial de desarrollo','zona golfo y caribe','315/224'),(302,'En deterioro','zona golfo y caribe','315/224'),(303,'Estatus no definido','zona golfo y caribe','315/224'),(304,'Máximo aprovechamiento permisible','zona golfo y caribe','315/224'),(305,'No se distribuye','zona golfo y caribe','315/224'),(306,'Con potencial de desarrollo','zona golfo y caribe','316/216'),(307,'En deterioro','zona golfo y caribe','316/216'),(308,'Estatus no definido','zona golfo y caribe','316/216'),(309,'Máximo aprovechamiento permisible','zona golfo y caribe','316/216'),(310,'No se distribuye','zona golfo y caribe','316/216'),(311,'Pacífico I','zonas',NULL),(312,'Pacífico II','zonas',NULL),(313,'Pacífico III','zonas',NULL),(314,'Golfo de México y Caribe I','zonas',NULL),(315,'Golfo de México y Caribe II','zonas',NULL),(316,'Golfo de México y Caribe III','zonas',NULL);
/*!40000 ALTER TABLE `propiedades` ENABLE KEYS */;
UNLOCK TABLES;
/*!40103 SET TIME_ZONE=@OLD_TIME_ZONE */;

/*!40101 SET SQL_MODE=@OLD_SQL_MODE */;
/*!40014 SET FOREIGN_KEY_CHECKS=@OLD_FOREIGN_KEY_CHECKS */;
/*!40014 SET UNIQUE_CHECKS=@OLD_UNIQUE_CHECKS */;
/*!40101 SET CHARACTER_SET_CLIENT=@OLD_CHARACTER_SET_CLIENT */;
/*!40101 SET CHARACTER_SET_RESULTS=@OLD_CHARACTER_SET_RESULTS */;
/*!40101 SET COLLATION_CONNECTION=@OLD_COLLATION_CONNECTION */;
/*!40111 SET SQL_NOTES=@OLD_SQL_NOTES */;

-- Dump completed on 2018-05-17 21:58:22
